campaign,stage,round,split,cores,kind,core_abs_pct,mae_L,promoted
astra,single_core,0,training,1,retained,23.669059815495295,0.5425008952265906,
astra,single_core,0,validation,1,retained,24.90287930451552,0.5308634367491337,
astra,single_core,1,training,1,submitted,4.265762707772138,0.22524536791424385,True
astra,single_core,1,validation,1,submitted,7.681125601389851,0.2598071846946882,True
astra,single_core,1,training,1,retained,4.265762707772138,0.22524536791424385,True
astra,single_core,1,validation,1,retained,7.681125601389851,0.2598071846946882,True
astra,single_core,2,training,1,submitted,3.466275073665419,0.20609310099752173,True
astra,single_core,2,validation,1,submitted,6.052582678654991,0.2148519828529194,True
astra,single_core,2,training,1,retained,3.466275073665419,0.20609310099752173,True
astra,single_core,2,validation,1,retained,6.052582678654991,0.2148519828529194,True
astra,single_core,3,training,1,submitted,0.7366271746736571,0.18115098024504808,True
astra,single_core,3,validation,1,submitted,2.649314679892918,0.17393238170573314,True
astra,single_core,3,training,1,retained,0.7366271746736571,0.18115098024504808,True
astra,single_core,3,validation,1,retained,2.649314679892918,0.17393238170573314,True
astra,single_core,4,training,1,submitted,0.7147262190452507,0.1793544294363825,True
astra,single_core,4,validation,1,submitted,2.6486185150615844,0.1739352715264507,True
astra,single_core,4,training,1,retained,0.7147262190452507,0.1793544294363825,True
astra,single_core,4,validation,1,retained,2.6486185150615844,0.1739352715264507,True
astra,single_core,5,training,1,submitted,0.7560455306855897,0.17590393954864408,True
astra,single_core,5,validation,1,submitted,2.650609490737255,0.170445151508439,True
astra,single_core,5,training,1,retained,0.7560455306855897,0.17590393954864408,True
astra,single_core,5,validation,1,retained,2.650609490737255,0.170445151508439,True
astra,single_core,6,training,1,submitted,0.7781667611681033,0.1753637780916081,False
astra,single_core,6,validation,1,submitted,2.6416585208060477,0.17025542839367208,False
astra,single_core,6,training,1,retained,0.7560455306855897,0.17590393954864408,False
astra,single_core,6,validation,1,retained,2.650609490737255,0.170445151508439,False
astra,single_core,7,training,1,submitted,0.6962508214543338,0.176789512830727,True
astra,single_core,7,validation,1,submitted,2.641658415724251,0.17096348408690093,True
astra,single_core,7,training,1,retained,0.6962508214543338,0.176789512830727,True
astra,single_core,7,validation,1,retained,2.641658415724251,0.17096348408690093,True
astra,single_core,8,training,1,submitted,0.6753133023389184,0.17288798553117185,True
astra,single_core,8,validation,1,submitted,2.1199131365822894,0.16164529903154765,True
astra,single_core,8,training,1,retained,0.6753133023389184,0.17288798553117185,True
astra,single_core,8,validation,1,retained,2.1199131365822894,0.16164529903154765,True
astra,single_core,9,training,1,submitted,1.0054983978048582,0.16203677048592913,False
astra,single_core,9,validation,1,submitted,2.5502237025196592,0.1473495617756397,False
astra,single_core,9,training,1,retained,0.6753133023389184,0.17288798553117185,False
astra,single_core,9,validation,1,retained,2.1199131365822894,0.16164529903154765,False
astra,single_core,10,training,1,submitted,0.3894363407491835,0.17240007477170177,True
astra,single_core,10,validation,1,submitted,2.154533893784704,0.15850632606951906,True
astra,single_core,10,training,1,retained,0.3894363407491835,0.17240007477170177,True
astra,single_core,10,validation,1,retained,2.154533893784704,0.15850632606951906,True
deepseek,single_core,0,training,1,retained,23.669059815495295,0.5425008952265906,
deepseek,single_core,0,validation,1,retained,24.90287930451552,0.5308634367491337,
deepseek,single_core,1,training,1,submitted,7.559882052885213,0.2407031733282749,True
deepseek,single_core,1,validation,1,submitted,9.908721178598652,0.2440552027608685,True
deepseek,single_core,1,training,1,retained,7.559882052885213,0.2407031733282749,True
deepseek,single_core,1,validation,1,retained,9.908721178598652,0.2440552027608685,True
deepseek,single_core,2,training,1,submitted,3.409739441699735,0.2785853963710827,True
deepseek,single_core,2,validation,1,submitted,6.3640463589366165,0.21946912860387974,True
deepseek,single_core,2,training,1,retained,3.409739441699735,0.2785853963710827,True
deepseek,single_core,2,validation,1,retained,6.3640463589366165,0.21946912860387974,True
deepseek,single_core,3,training,1,submitted,4.544658549721267,0.17581254132474555,True
deepseek,single_core,3,validation,1,submitted,7.480367083820079,0.18150763196204403,True
deepseek,single_core,3,training,1,retained,4.544658549721267,0.17581254132474555,True
deepseek,single_core,3,validation,1,retained,7.480367083820079,0.18150763196204403,True
deepseek,single_core,4,training,1,submitted,4.544658549721267,0.17581254132474555,False
deepseek,single_core,4,validation,1,submitted,7.480367083820079,0.18150763196204403,False
deepseek,single_core,4,training,1,retained,4.544658549721267,0.17581254132474555,False
deepseek,single_core,4,validation,1,retained,7.480367083820079,0.18150763196204403,False
deepseek,single_core,5,training,1,submitted,4.544658549721267,0.17581254132474555,False
deepseek,single_core,5,validation,1,submitted,7.480367083820079,0.18150763196204403,False
deepseek,single_core,5,training,1,retained,4.544658549721267,0.17581254132474555,False
deepseek,single_core,5,validation,1,retained,7.480367083820079,0.18150763196204403,False
deepseek,single_core,6,training,1,submitted,3.8445995556440082,0.18062727063061104,True
deepseek,single_core,6,validation,1,submitted,7.416285988852619,0.1821807810709288,True
deepseek,single_core,6,training,1,retained,3.8445995556440082,0.18062727063061104,True
deepseek,single_core,6,validation,1,retained,7.416285988852619,0.1821807810709288,True
deepseek,single_core,7,training,1,submitted,0.7958021656462257,0.173914530120632,True
deepseek,single_core,7,validation,1,submitted,2.187319472222376,0.15784031492909079,True
deepseek,single_core,7,training,1,retained,0.7958021656462257,0.173914530120632,True
deepseek,single_core,7,validation,1,retained,2.187319472222376,0.15784031492909079,True
deepseek,single_core,8,training,1,submitted,0.7958021656462257,0.173914530120632,False
deepseek,single_core,8,validation,1,submitted,2.187319472222376,0.15784031492909079,False
deepseek,single_core,8,training,1,retained,0.7958021656462257,0.173914530120632,False
deepseek,single_core,8,validation,1,retained,2.187319472222376,0.15784031492909079,False
deepseek,single_core,9,training,1,submitted,0.7958021656462257,0.173914530120632,False
deepseek,single_core,9,validation,1,submitted,2.187319472222376,0.15784031492909079,False
deepseek,single_core,9,training,1,retained,0.7958021656462257,0.173914530120632,False
deepseek,single_core,9,validation,1,retained,2.187319472222376,0.15784031492909079,False
deepseek,single_core,10,training,1,submitted,0.7958021656462257,0.173914530120632,False
deepseek,single_core,10,validation,1,submitted,2.187319472222376,0.15784031492909079,False
deepseek,single_core,10,training,1,retained,0.7958021656462257,0.173914530120632,False
deepseek,single_core,10,validation,1,retained,2.187319472222376,0.15784031492909079,False
opus,single_core,0,training,1,retained,23.669059815495295,0.5425008952265906,
opus,single_core,0,validation,1,retained,24.90287930451552,0.5308634367491337,
opus,single_core,1,training,1,submitted,0.5417896032120282,0.10205179709993491,True
opus,single_core,1,validation,1,submitted,0.8536705882450429,0.09336526669017942,True
opus,single_core,1,training,1,retained,0.5417896032120282,0.10205179709993491,True
opus,single_core,1,validation,1,retained,0.8536705882450429,0.09336526669017942,True
opus,single_core,2,training,1,submitted,0.22934972995986125,0.09459612918085462,True
opus,single_core,2,validation,1,submitted,0.6996000058388329,0.06353971242561524,True
opus,single_core,2,training,1,retained,0.22934972995986125,0.09459612918085462,True
opus,single_core,2,validation,1,retained,0.6996000058388329,0.06353971242561524,True
opus,single_core,3,training,1,submitted,0.2181903982038938,0.09080126023383929,True
opus,single_core,3,validation,1,submitted,0.7092319934191392,0.06009892945536892,True
opus,single_core,3,training,1,retained,0.2181903982038938,0.09080126023383929,True
opus,single_core,3,validation,1,retained,0.7092319934191392,0.06009892945536892,True
opus,single_core,4,training,1,submitted,0.16853979666751548,0.08909215654156499,True
opus,single_core,4,validation,1,submitted,0.4504072662281087,0.05757618508074539,True
opus,single_core,4,training,1,retained,0.16853979666751548,0.08909215654156499,True
opus,single_core,4,validation,1,retained,0.4504072662281087,0.05757618508074539,True
opus,single_core,5,training,1,submitted,0.10139796587424679,0.09042579941041173,False
opus,single_core,5,validation,1,submitted,0.4504238153112659,0.05761257987205746,False
opus,single_core,5,training,1,retained,0.16853979666751548,0.08909215654156499,False
opus,single_core,5,validation,1,retained,0.4504072662281087,0.05757618508074539,False
opus,single_core,6,training,1,submitted,0.11643064450415537,0.08630321909804003,True
opus,single_core,6,validation,1,submitted,0.4577355119777936,0.057070936248347734,True
opus,single_core,6,training,1,retained,0.11643064450415537,0.08630321909804003,True
opus,single_core,6,validation,1,retained,0.4577355119777936,0.057070936248347734,True
opus,single_core,7,training,1,submitted,0.0965054287489916,0.08484131341166963,True
opus,single_core,7,validation,1,submitted,0.45791944414977054,0.057114588034070726,True
opus,single_core,7,training,1,retained,0.0965054287489916,0.08484131341166963,True
opus,single_core,7,validation,1,retained,0.45791944414977054,0.057114588034070726,True
opus,single_core,8,training,1,submitted,0.09655994402229584,0.08479177553308484,False
opus,single_core,8,validation,1,submitted,0.45791944414977054,0.057114588034070726,False
opus,single_core,8,training,1,retained,0.0965054287489916,0.08484131341166963,False
opus,single_core,8,validation,1,retained,0.45791944414977054,0.057114588034070726,False
opus,single_core,9,training,1,submitted,0.1088343268113052,0.08370597685157255,False
opus,single_core,9,validation,1,submitted,0.4614028761921238,0.05508670513506632,False
opus,single_core,9,training,1,retained,0.0965054287489916,0.08484131341166963,False
opus,single_core,9,validation,1,retained,0.45791944414977054,0.057114588034070726,False
opus,single_core,10,training,1,submitted,0.08601883148261853,0.08468621612080451,True
opus,single_core,10,validation,1,submitted,0.4459755899246149,0.05520547197421257,True
opus,single_core,10,training,1,retained,0.08601883148261853,0.08468621612080451,True
opus,single_core,10,validation,1,retained,0.4459755899246149,0.05520547197421257,True
gemini,single_core,0,training,1,retained,23.669059815495295,0.5425008952265906,
gemini,single_core,0,validation,1,retained,24.90287930451552,0.5308634367491337,
gemini,single_core,1,training,1,submitted,9.876718412467525,0.23282249952300685,True
gemini,single_core,1,validation,1,submitted,12.448331203915671,0.25059071953940293,True
gemini,single_core,1,training,1,retained,9.876718412467525,0.23282249952300685,True
gemini,single_core,1,validation,1,retained,12.448331203915671,0.25059071953940293,True
gemini,single_core,2,training,1,submitted,8.438465244003671,0.23072956514505746,True
gemini,single_core,2,validation,1,submitted,11.281327785070937,0.24984521928226994,True
gemini,single_core,2,training,1,retained,8.438465244003671,0.23072956514505746,True
gemini,single_core,2,validation,1,retained,11.281327785070937,0.24984521928226994,True
gemini,single_core,3,training,1,submitted,2.2484571106629065,0.18836720140910673,True
gemini,single_core,3,validation,1,submitted,2.5718954360225803,0.1774906943638888,True
gemini,single_core,3,training,1,retained,2.2484571106629065,0.18836720140910673,True
gemini,single_core,3,validation,1,retained,2.5718954360225803,0.1774906943638888,True
gemini,single_core,4,training,1,submitted,2.2699425272793308,0.18827133721001224,False
gemini,single_core,4,validation,1,submitted,2.581354348139015,0.1774714333649647,False
gemini,single_core,4,training,1,retained,2.2484571106629065,0.18836720140910673,False
gemini,single_core,4,validation,1,retained,2.5718954360225803,0.1774906943638888,False
gemini,single_core,5,training,1,submitted,2.229320641464393,0.18836507694801088,True
gemini,single_core,5,validation,1,submitted,2.5664156930018285,0.17737199647929194,True
gemini,single_core,5,training,1,retained,2.229320641464393,0.18836507694801088,True
gemini,single_core,5,validation,1,retained,2.5664156930018285,0.17737199647929194,True
gemini,single_core,6,training,1,submitted,1.8492784923109558,0.18567086374539302,True
gemini,single_core,6,validation,1,submitted,2.043446943960976,0.17422945506437107,True
gemini,single_core,6,training,1,retained,1.8492784923109558,0.18567086374539302,True
gemini,single_core,6,validation,1,retained,2.043446943960976,0.17422945506437107,True
gemini,single_core,7,training,1,submitted,1.7574532065882846,0.1846913997992545,True
gemini,single_core,7,validation,1,submitted,1.868420160622302,0.17324996862141107,True
gemini,single_core,7,training,1,retained,1.7574532065882846,0.1846913997992545,True
gemini,single_core,7,validation,1,retained,1.868420160622302,0.17324996862141107,True
gemini,single_core,8,training,1,submitted,1.567369148553182,0.1832921910291039,True
gemini,single_core,8,validation,1,submitted,1.2533566501017415,0.1690589503308322,True
gemini,single_core,8,training,1,retained,1.567369148553182,0.1832921910291039,True
gemini,single_core,8,validation,1,retained,1.2533566501017415,0.1690589503308322,True
gemini,single_core,9,training,1,submitted,1.483838157053026,0.18404500751838923,True
gemini,single_core,9,validation,1,submitted,1.0772215539789676,0.1709052201456869,True
gemini,single_core,9,training,1,retained,1.483838157053026,0.18404500751838923,True
gemini,single_core,9,validation,1,retained,1.0772215539789676,0.1709052201456869,True
gemini,single_core,10,training,1,submitted,0.8652130305036653,0.1556086227021658,True
gemini,single_core,10,validation,1,submitted,1.167486659783899,0.15014264205716327,True
gemini,single_core,10,training,1,retained,0.8652130305036653,0.1556086227021658,True
gemini,single_core,10,validation,1,retained,1.167486659783899,0.15014264205716327,True
