arm,interval,mean,median,n,oracle_relative_speedup,pattern,read_percent,standard_deviation
oracle,4,81223.80824900484,81278.8889608881,5,1.0,streaming,100,93.52279886292406
astra_single_core,4,5338233.415326313,5339701.241750514,5,65.69604124780804,streaming,100,14604.712965385945
deepseek_single_core,4,3309703.1438949853,3315707.5866312045,5,40.79420411648027,streaming,100,11860.701841026728
astra_multicore,4,5245209.85006174,5244321.940906433,5,64.52255939952666,streaming,100,12874.341615304687
deepseek_multicore,4,3145575.1851562015,3166310.3504697545,5,38.95612244396454,streaming,100,48774.167670199044
fixedlat,4,2372501.6014004983,2372355.305363338,5,29.187841217969034,streaming,100,6334.209279297952
md1,4,6112524.685269264,6112540.8303363,5,75.20453230208021,streaming,100,54774.85399871837
wmg1,4,3827496.601474778,3833403.3538956554,5,47.16357965646298,streaming,100,19166.58512116829
mess,4,4151292.8120563636,4162419.3305131285,5,51.21156777273506,streaming,100,30717.05081727738
oracle,256,171516.1402081514,173065.82303175394,5,1.0,streaming,50,3428.511087475777
astra_single_core,256,5756519.42420737,5763688.960127572,5,33.30344986179077,streaming,50,18260.031960364544
deepseek_single_core,256,4371878.795883885,4379679.741454821,5,25.306439276871217,streaming,50,22945.316415802503
astra_multicore,256,5767280.729176386,5767223.320791756,5,33.323871922035075,streaming,50,12826.54690346454
deepseek_multicore,256,4093500.7423575963,4093373.018279107,5,23.652116556415987,streaming,50,3705.202663547323
fixedlat,256,12118741.16633534,12115780.844289448,5,70.00677910893161,streaming,50,23890.189984672452
md1,256,12094765.58605312,12106128.501411358,5,69.95100643984536,streaming,50,44950.817379398846
wmg1,256,7592974.588794837,7579946.5643177405,5,43.798055742796656,streaming,50,34907.32560051612
mess,256,11364541.390338676,11364853.100306809,5,65.667807203168,streaming,50,14096.625225715123
oracle,16,551705.1311840623,552554.5163094004,5,1.0,streaming,50,2433.4219561612495
astra_single_core,16,5036361.688428414,5039323.702359961,5,9.120047983714633,streaming,50,7482.619630868863
deepseek_single_core,16,3934817.0136721004,3936711.8797789854,5,7.124567374949554,streaming,50,12982.616303207571
astra_multicore,16,4975072.728761893,4984197.531946199,5,9.020281953781588,streaming,50,28005.740843397478
deepseek_multicore,16,3696320.6115909815,3696218.335889143,5,6.689327888543511,streaming,50,9359.806105324296
fixedlat,16,11081704.949360132,11091692.343065592,5,20.07348056287508,streaming,50,31789.27534171216
md1,16,11263013.72298999,11296702.65584508,5,20.444503342941715,streaming,50,82484.98145560449
wmg1,16,6543828.606987856,6559075.750876039,5,11.870459035762028,streaming,50,61143.33469317076
mess,16,9166470.756279105,9167088.361898404,5,16.59037812798427,streaming,50,42822.01492748813
oracle,4,72054.49450119665,71791.10999387036,5,1.0,random,100,860.3591129693976
astra_single_core,4,4904581.5769847715,4937482.636663404,5,68.77568318814092,random,100,77056.60992428641
deepseek_single_core,4,3405503.3788548056,3405245.762845546,5,47.43269414745491,random,100,7231.790585971598
astra_multicore,4,4752231.354297838,4744867.245076992,5,66.09268536845462,random,100,15081.622908127896
deepseek_multicore,4,3257023.1933304355,3257468.5393313863,5,45.37426067948405,random,100,4551.3519410729305
fixedlat,4,2371277.651952358,2372552.4809107017,5,33.04799829830287,random,100,12908.114022222633
md1,4,6048850.721657001,6138791.630580701,5,85.5090780892626,random,100,210659.19807861673
wmg1,4,3809624.2302267775,3814213.49326479,5,53.12932887638113,random,100,8767.760597873588
mess,4,4146145.9335483434,4153495.672296336,5,57.85529256548573,random,100,24350.93246528031
oracle,16,140303.729189169,140226.49278280954,5,1.0,random,50,929.9814372736358
astra_single_core,16,4563387.1190686645,4565842.676709416,5,32.560485441087394,random,50,14259.28138065574
deepseek_single_core,16,3548060.912758403,3550198.5388534497,5,25.317602033676984,random,50,5162.881666048503
astra_multicore,16,4522624.410866843,4518437.33806429,5,32.222422798969184,random,50,8551.400557298046
deepseek_multicore,16,3346250.3665827457,3345545.211238307,5,23.858153654460075,random,50,3836.721205244304
fixedlat,16,11102716.12095568,11105857.250881596,5,79.19942252340971,random,50,7771.648734952462
md1,16,11322221.497580858,11340284.064090993,5,80.87119515750454,random,50,40373.18156787984
wmg1,16,6544804.770106037,6559240.234702839,5,46.776041420804475,random,50,24428.121049497495
mess,16,9125905.981207691,9176817.972469103,5,65.44282603347044,random,50,135686.39585716254
oracle,16,182397.12396430882,183231.00638065644,5,1.0,random,75,1387.9437610115626
astra_single_core,16,4760720.131581156,4770069.235122212,5,26.033089755630925,random,75,29049.328164671333
deepseek_single_core,16,3611801.5328120794,3612652.1450839224,5,19.71637997544343,random,75,7068.3187674469
astra_multicore,16,4656498.743399874,4668839.185234114,5,25.480617486402668,random,75,29869.626942372517
deepseek_multicore,16,3444793.2767023304,3445807.368844586,5,18.805809327303663,random,75,7189.363878139003
fixedlat,16,9123781.592997339,9178531.457509272,5,50.09267611858864,random,75,129280.27943652429
md1,16,9524145.136313878,9530652.56866107,5,52.01440933452851,random,75,35094.07912146987
wmg1,16,5659889.93836603,5624301.239626139,5,30.695139161883098,random,75,51575.70647424308
mess,16,7887976.34670535,7880455.581872004,5,43.008308132634575,random,75,26845.72281833934
oracle,16,751846.9316748424,752448.6036862353,5,1.0,streaming,75,1162.437227069846
astra_single_core,16,5213849.731085909,5222670.123170418,5,6.940899481485685,streaming,75,26533.942399779276
deepseek_single_core,16,4012303.0599327195,4010430.642432601,5,5.32983996885044,streaming,75,5170.8179468613225
astra_multicore,16,5176975.170413418,5188755.251736363,5,6.8958268063981025,streaming,75,34511.456225755544
deepseek_multicore,16,3766192.5593654597,3763169.9848116958,5,5.0012319331526145,streaming,75,6516.6073775262175
fixedlat,16,9160613.208745766,9169812.190398943,5,12.186629286673083,streaming,75,39137.292891951736
md1,16,9524905.378842965,9521135.60808535,5,12.653536150431323,streaming,75,8491.760221043154
wmg1,16,5706600.078967431,5711797.74657607,5,7.590947366496598,streaming,75,20764.108355741457
mess,16,7868284.447919117,7883332.580842961,5,10.476905056667823,streaming,75,53894.12461090978
oracle,1,60274.22892783365,60549.23574133291,5,1.0,random,75,629.7342537078698
astra_single_core,1,4437309.6523264935,4440257.660372701,5,73.33300917853921,random,75,28349.468088581263
deepseek_single_core,1,2785382.0033816327,2785198.367863284,5,45.99890211268209,random,75,5701.690369951253
astra_multicore,1,4377733.139157782,4375735.264641922,5,72.26739051397969,random,75,9148.483608665783
deepseek_multicore,1,2715685.177807684,2715697.8202777873,5,44.85106685539818,random,75,4411.818585171933
fixedlat,1,2582368.744235467,2580106.2167187645,5,42.611705748706896,random,75,12193.240566066568
md1,1,6941093.808732085,6942505.325568065,5,114.65884318055697,random,75,5119.8067422451795
wmg1,1,3922748.323247494,3927301.255189045,5,64.86128531772927,random,75,17996.52215686047
mess,1,4160501.2747719944,4171690.045475418,5,68.89748473947598,random,75,21973.757492171626
oracle,16,302316.4138710865,302300.31787798024,5,1.0,random,100,1281.7548993398693
astra_single_core,16,5012051.087983129,5003801.287762287,5,16.55241821406886,random,100,15101.150459845388
deepseek_single_core,16,3817282.6086331117,3820610.995579528,5,12.638461720446058,random,100,11110.582343061002
astra_multicore,16,4844172.71652425,4859938.747412082,5,16.07652542851025,random,100,33542.355953449114
deepseek_multicore,16,3607402.182627038,3607383.835072639,5,11.933112940121731,random,100,7315.704121658239
fixedlat,16,8057292.005743226,8071743.255488645,5,26.701074322874856,random,100,34342.20611434411
md1,16,8584460.193116918,8577256.233786006,5,28.373295450017054,random,100,21348.75167417363
wmg1,16,5057440.764387066,5063744.486669693,5,16.750708441906472,random,100,13760.323635549456
mess,16,6837100.406024335,6827931.781991545,5,22.586584856809694,random,100,23612.79177029187
oracle,1,72489.05834189535,71974.77618990299,5,1.0,random,100,964.9228768460699
astra_single_core,1,4922250.65843408,4938834.7345330985,5,68.61896619868816,random,100,56851.64115730201
deepseek_single_core,1,3398102.5805991497,3400219.7334879073,5,47.241824337411536,random,100,9071.424052568571
astra_multicore,1,4730821.376460326,4724764.129049463,5,65.64472137549042,random,100,29414.466712407448
deepseek_multicore,1,3249655.6936501525,3248048.874467168,5,45.12759950648964,random,100,8718.19138815585
fixedlat,1,1870723.2290360846,1868505.604240997,5,25.96056150714535,random,100,16696.285565752736
md1,1,6190742.355070512,6184682.225844472,5,85.92846762769223,random,100,34089.72875983678
wmg1,1,3379829.3386711986,3384320.465349804,5,47.02092378058099,random,100,12204.649368918608
mess,1,4012011.931133013,4024004.59743491,5,55.90853921959704,random,100,25446.944066867407
oracle,256,128228.68769541016,127693.06385959263,5,1.0,random,75,1402.9503477854748
astra_single_core,256,5861075.318001551,5857261.219673483,5,45.869846353706,random,75,24917.33233094138
deepseek_single_core,256,4375477.685073376,4375685.632198277,5,34.267214678235355,random,75,3787.0429000449217
astra_multicore,256,5840577.744240506,5837303.660058625,5,45.71355313767978,random,75,15650.958383921357
deepseek_multicore,256,4129748.4295752193,4131156.6214013086,5,32.35223978918543,random,75,3143.672544570386
fixedlat,256,10211952.754365545,10210234.966197332,5,79.9591979202895,random,75,14122.689734816899
md1,256,10213821.139808295,10212948.618857715,5,79.98044929118123,random,75,6262.244480815114
wmg1,256,6578809.5706084855,6580842.321967663,5,51.53641179135427,random,75,37495.3800191027
mess,256,9641841.954844177,9641040.741169738,5,75.50167918102998,random,75,11883.01821083226
oracle,16,1378188.2729422285,1376990.7926315423,5,1.0,streaming,100,3956.8311726837537
astra_single_core,16,5550813.6752303615,5549838.968591909,5,4.0304110951865635,streaming,100,3617.9887358374253
deepseek_single_core,16,4129507.0632921057,4138266.139288016,5,3.005296884650514,streaming,100,22985.710356844585
astra_multicore,16,5251113.29167472,5538165.101784275,5,4.021933284826391,streaming,100,654491.9421351784
deepseek_multicore,16,3858259.507232269,3862396.748643069,5,2.8049546658636055,streaming,100,11105.322325135328
fixedlat,16,7896639.804434638,8026238.19644957,5,5.828824883506135,streaming,100,290667.9442544423
md1,16,8421367.571162496,8566032.59254449,5,6.2208350545134,streaming,100,356393.33028667694
wmg1,16,5041411.640535965,5054840.525953366,5,3.6709326983175767,streaming,100,26745.092371466137
mess,16,6833111.719064165,6831235.548563892,5,4.96098854481724,streaming,100,8331.97785254682
oracle,1,76349.10450460966,76518.15759285951,5,1.0,streaming,50,256.4790914030191
astra_single_core,1,4518727.568956987,4523636.491482556,5,59.118471141870394,streaming,50,11421.347934535088
deepseek_single_core,1,2380025.1698800484,2380325.64574381,5,31.10798430888953,streaming,50,3310.3170581635654
astra_multicore,1,4477798.9125514375,4487495.570258498,5,58.64615290576808,streaming,50,28109.44722425339
deepseek_multicore,1,2292879.4655335536,2290662.9680193015,5,29.936201289732317,streaming,50,4546.474018693551
fixedlat,1,3499174.7888186877,3510509.9968733503,5,45.87813020214358,streaming,50,21436.00703133363
md1,1,8917886.357474634,8907657.664057529,5,116.41233851256202,streaming,50,29306.330811768596
wmg1,1,4775538.142160736,4786523.062601564,5,62.55408145174984,streaming,50,27445.53064360303
mess,1,5802022.422569559,5811276.611645817,5,75.94637396481318,streaming,50,48984.58678188384
oracle,4,59439.06030362058,59412.64154354317,5,1.0,random,75,543.0903394768283
astra_single_core,4,4462289.007042396,4464596.342562495,5,75.14556206511065,random,75,12611.578872556987
deepseek_single_core,4,2790552.107840853,2789455.7381442655,5,46.95054226969339,random,75,4548.506751174376
astra_multicore,4,4380332.341775417,4377526.6881583445,5,73.68005485751851,random,75,11640.531570617944
deepseek_multicore,4,2717416.9920891444,2716879.6332252487,5,45.728982294686624,random,75,2901.2727437778585
fixedlat,4,3008493.1986102336,3012490.1232574135,5,50.704530971739025,random,75,11777.640641790691
md1,4,6986043.829538142,6982321.297320995,5,117.52248538223456,random,75,64124.197139174576
wmg1,4,4371383.547214649,4375539.437285641,5,73.64660657410485,random,75,11803.412139207176
mess,4,4837485.785702395,4847691.279659571,5,81.5935995053633,random,75,27800.559204455905
oracle,256,173458.25714260858,173531.7825992006,5,1.0,streaming,100,1300.218708618372
astra_single_core,256,6203957.063175354,6203372.159309172,5,35.747757940324114,streaming,100,13097.599215550177
deepseek_single_core,256,4486033.000456595,4487887.8047580095,5,25.862050959987563,streaming,100,3507.6693917050943
astra_multicore,256,6235123.621292379,6239695.065602968,5,35.95707352361234,streaming,100,15058.31131020108
deepseek_multicore,256,4252752.825801413,4253533.768862014,5,24.5115546279279,streaming,100,4142.615400011557
fixedlat,256,9015801.98663565,9012697.020869043,5,51.9368664683478,streaming,100,34785.75341458109
md1,256,9033158.21713598,9032916.127025202,5,52.05338175939888,streaming,100,9788.189981512876
wmg1,256,5712755.442162355,5711195.846372451,5,32.91152641221562,streaming,100,23746.210214538096
mess,256,8507729.34775942,8516024.019902207,5,49.074722176809104,streaming,100,17327.37247664404
oracle,256,129161.39708507649,129605.2359830192,5,1.0,random,100,1123.9458912913392
astra_single_core,256,6057331.8763737995,6066289.6445813915,5,46.805899457458594,random,100,21109.746959417906
deepseek_single_core,256,4455640.184994476,4459324.35759932,5,34.406976876949464,random,100,12338.108212813055
astra_multicore,256,6000339.891685814,6007226.804378641,5,46.35018607709417,random,100,18431.530174493957
deepseek_multicore,256,4250087.917138276,4251568.046533228,5,32.80398368388655,random,100,4502.0037836515085
fixedlat,256,9037368.644261643,9036398.169041388,5,69.72247764916945,random,100,38723.86455421724
md1,256,9029995.199886646,9028305.409500947,5,69.6600360396229,random,100,11254.990784915535
wmg1,256,5711773.777470063,5738393.39353918,5,44.27593800524402,random,100,52997.23452218894
mess,256,8458652.854797024,8501521.685666213,5,65.59551102379905,random,100,106492.90583140841
oracle,64,586224.517522388,585669.1827331409,5,1.0,streaming,100,4567.689795650577
astra_single_core,64,6185415.435354463,6191056.552499535,5,10.570910566965035,streaming,100,29218.975014578537
deepseek_single_core,64,4437732.299656346,4439592.222708493,5,7.5803753272286905,streaming,100,9410.149563212215
astra_multicore,64,6190488.460378997,6187812.025062223,5,10.56537070327924,streaming,100,23760.120688174593
deepseek_multicore,64,4196805.898934285,4196350.725001207,5,7.165052983355053,streaming,100,4366.59372367437
fixedlat,64,9032064.370525671,9041593.13493099,5,15.438055136752476,streaming,100,19808.486645878427
md1,64,9042859.494484706,9042602.946969109,5,15.439779338858187,streaming,100,1780.6825560265277
wmg1,64,5501756.755583903,5509561.60063528,5,9.40729299589202,streaming,100,32267.82944935775
mess,64,7763139.100026171,7763269.553638535,5,13.255383384540918,streaming,100,14939.94745985749
oracle,64,260153.05804191364,260208.23503215905,5,1.0,random,50,219.2060990734342
astra_single_core,64,5138782.882742602,5151797.358856486,5,19.7987483302355,random,50,24756.780456528617
deepseek_single_core,64,4028573.0381022114,4029829.588460383,5,15.486941018459072,random,50,5951.872479950892
astra_multicore,64,5039634.648065469,5041803.910409197,5,19.37603515809591,random,50,14450.115814966726
deepseek_multicore,64,3842938.7744702054,3844373.4074120917,5,14.774218836452148,random,50,2459.0931898431354
fixedlat,64,12126221.694037443,12125665.48865503,5,46.599852949144456,random,50,13590.979998579738
md1,64,12139651.893409424,12142331.064221453,5,46.66390002115339,random,50,5701.4798672059715
wmg1,64,7234347.533541359,7249913.8659483325,5,27.861969337950885,random,50,33625.57103266294
mess,64,10918822.215032011,10909479.04058559,5,41.92595610679766,random,50,17704.293628109786
oracle,1,76379.66902662352,76564.65383611387,5,1.0,streaming,75,306.68152717588276
astra_single_core,1,4720028.075246516,4724929.444046091,5,61.711628111840895,streaming,75,21103.554241789847
deepseek_single_core,1,2843450.538447952,2846769.307867802,5,37.181247027659694,streaming,75,8218.749341459345
astra_multicore,1,4673081.237092666,4678754.848661492,5,61.1085483214792,streaming,75,18237.369370380013
deepseek_multicore,1,2737972.165438204,2739496.490615414,5,35.78017209454493,streaming,75,12781.062536556958
fixedlat,1,2578552.8243241142,2583198.1743773874,5,33.73878212662864,streaming,75,10956.246476728284
md1,1,6862084.723689954,6919228.7184458915,5,90.37105729304875,streaming,75,182756.75524230822
wmg1,1,3881416.8627997986,3914556.78123721,5,51.127466593348586,streaming,75,50825.88231117245
mess,1,4156817.448009931,4166165.324218768,5,54.41368980961394,streaming,75,20371.685505680045
oracle,256,128432.4653412879,128691.04537145785,5,1.0,random,50,948.6008527332315
astra_single_core,256,5705906.152824911,5704574.214545306,5,44.32767018155339,random,50,12570.851707617621
deepseek_single_core,256,4321236.763640808,4323040.569152293,5,33.59239608843128,random,50,4918.7582128734675
astra_multicore,256,5722101.592092208,5719855.585452249,5,44.44641481419534,random,50,9988.486461879062
deepseek_multicore,256,4062256.1744758273,4063186.344295109,5,31.57318625058178,random,50,2165.8860249318764
fixedlat,256,12143873.09427946,12140458.942612888,5,94.33802412258203,random,50,18808.345496083293
md1,256,12095579.421361415,12101682.70436923,5,94.03671148554707,random,50,52490.714163901204
wmg1,256,7587289.939711606,7596419.710763859,5,59.02834722367291,random,50,81165.74780518605
mess,256,11314987.114327652,11356593.881665936,5,88.24696270735784,random,50,100161.73815275854
oracle,64,268606.1126324735,268453.948669303,5,1.0,random,100,975.771038063795
astra_single_core,64,5546705.87431737,5554619.676201711,5,20.691145366776524,random,100,13259.507097348021
deepseek_single_core,64,4177592.9276700118,4176889.412061923,5,15.559053732553794,random,100,4827.914585757772
astra_multicore,64,5376316.034443565,5377354.548762234,5,20.030826796987697,random,100,4961.808521465754
deepseek_multicore,64,3931501.542924014,3933511.1591386884,5,14.65246154372724,random,100,8903.641880097082
fixedlat,64,9054174.175921053,9055845.466474324,5,33.733329352625155,random,100,51440.35111133833
md1,64,9036559.989186158,9045614.082950126,5,33.6952171044168,random,100,21337.546105747926
wmg1,64,5514642.621519428,5520717.759292327,5,20.56485958451319,random,100,11508.556335872969
mess,64,7673012.959249959,7751140.169853122,5,28.87325818180243,random,100,156694.43408102842
oracle,64,579685.9414239553,585163.7940086179,5,1.0,streaming,75,10418.691552669756
astra_single_core,64,5939128.066374804,5940229.209351619,5,10.15139567788115,streaming,75,6537.396061597293
deepseek_single_core,64,4372283.723450641,4379449.125613771,5,7.484142338357445,streaming,75,17020.975431344355
astra_multicore,64,5943173.470226621,5942272.5807903055,5,10.15488764279697,streaming,75,2711.533724943291
deepseek_multicore,64,4127609.4030811945,4127672.377172892,5,7.053875204575802,streaming,75,1972.9069559762365
fixedlat,64,10228102.172996813,10234613.72028612,5,17.490169120298294,streaming,75,16396.294186641062
md1,64,10231305.293668885,10228397.895209283,5,17.479546752440815,streaming,75,12970.234640070332
wmg1,64,6306468.226657738,6325662.642512878,5,10.810071824812384,streaming,75,51215.45011865267
mess,64,9044743.909924928,9041537.021800272,5,15.451292636993045,streaming,75,8748.281766798595
oracle,4,76445.30988909186,76484.92663845558,5,1.0,streaming,75,153.29213941316988
astra_single_core,4,4735839.690692618,4735965.037939148,5,61.92024031514164,streaming,75,15899.77222470042
deepseek_single_core,4,2842365.9058236307,2843156.250530604,5,37.172765608708886,streaming,75,3013.786288343265
astra_multicore,4,4669659.89386056,4666395.080606417,5,61.0106498848391,streaming,75,21562.858306349204
deepseek_multicore,4,2742422.047223021,2743817.0661602123,5,35.873958265400994,streaming,75,4796.970274446836
fixedlat,4,3008847.256415713,3016365.8824933614,5,39.43739002001963,streaming,75,18628.905896501834
md1,4,6998056.245164465,7002313.56720353,5,91.55154976226207,streaming,75,35178.00486527454
wmg1,4,4370920.104817099,4371628.134804043,5,57.15672782780768,streaming,75,7284.016273921458
mess,4,4849302.357057382,4848625.852401759,5,63.39322093255347,streaming,75,7799.8486724859895
oracle,4,75992.55498851577,76034.05598761843,5,1.0,streaming,50,179.56489397922277
astra_single_core,4,4513453.006744769,4511172.0574466,5,59.330940574592134,streaming,50,10854.960455698649
deepseek_single_core,4,2376541.6976996013,2382022.478462012,5,31.32836263331666,streaming,50,11126.604374775729
astra_multicore,4,4475491.017435703,4480938.401704836,5,58.93330749624251,streaming,50,26881.166669586713
deepseek_multicore,4,2288901.801733997,2288031.742329289,5,30.092196353458743,streaming,50,4209.363683668065
fixedlat,4,4101543.4643286564,4102583.407848898,5,53.95718214107863,streaming,50,5311.693924269514
md1,4,8679935.25852827,8673851.872759562,5,114.07851074223942,streaming,50,27320.786386540916
wmg1,4,5206401.1638380755,5214520.399810253,5,68.5813788581711,streaming,50,19412.878515197564
mess,4,6307257.398316064,6315146.067989741,5,83.05680903065483,streaming,50,19477.188066875315
oracle,256,170144.4155009762,168156.09163679153,5,1.0,streaming,75,3202.1019520639907
astra_single_core,256,5968907.0502290595,5975358.167868376,5,35.53459235229396,streaming,75,17261.365421176873
deepseek_single_core,256,4424241.037624019,4426209.621454575,5,26.322029599825377,streaming,75,9919.531771710965
astra_multicore,256,5966634.345679696,5969414.570260502,5,35.49924663540664,streaming,75,7759.586872942907
deepseek_multicore,256,4154639.5164983026,4156077.7977998396,5,24.715594643914255,streaming,75,2735.8812881952294
fixedlat,256,10210076.437420668,10215627.084205007,5,60.75085942334003,streaming,75,19177.66444679523
md1,256,10195935.488356257,10205898.720020885,5,60.69300624603656,streaming,75,34918.629889387295
wmg1,256,6590024.591283178,6590135.067862858,5,39.19058182023646,streaming,75,28595.73143792259
mess,256,9629948.516517706,9630337.028532816,5,57.270223961519314,streaming,75,24451.027821047002
oracle,1,59078.81548718003,59286.78920964487,5,1.0,random,50,426.44879151542057
astra_single_core,1,4317334.2258280115,4317792.345657971,5,72.82891185740829,random,50,4502.436799589615
deepseek_single_core,1,2323950.955730028,2321312.402510044,5,39.15395712022147,random,50,5392.844806215392
astra_multicore,1,4267452.155626108,4274985.36958932,5,72.10687956928284,random,50,21364.058669215414
deepseek_multicore,1,2246961.139767324,2246430.1619990063,5,37.89090608458104,random,50,5679.404032660804
fixedlat,1,3489902.578085153,3484978.70118326,5,58.78170748731183,random,50,43227.24457533708
md1,1,8920533.346253252,8908195.744260566,5,150.25599906853054,random,50,29238.639324649972
wmg1,1,4781744.334825573,4783475.374871589,5,80.68366390962197,random,50,22154.26970445683
mess,1,5832736.826060144,5836428.188872381,5,98.44399176744254,random,50,14718.596349196023
oracle,4,59464.8525835059,59298.38995932028,5,1.0,random,50,751.850908176221
astra_single_core,4,4306791.360371112,4304537.809408466,5,72.59114138447019,random,50,18112.89878417024
deepseek_single_core,4,2330109.7641538153,2331254.0314463386,5,39.31395157685764,random,50,4802.674854614819
astra_multicore,4,4272830.771453335,4280068.076160538,5,72.17848712413168,random,50,20513.60502624047
deepseek_multicore,4,2244642.3683805233,2245324.0328802573,5,37.8648397438883,random,50,4975.794355108597
fixedlat,4,4100001.3006559703,4100743.207708973,5,69.15437688143226,random,50,23787.423172711984
md1,4,8680566.85497142,8689267.859025728,5,146.5346338237297,random,50,28500.72120851984
wmg1,4,5202665.74525442,5211547.310846018,5,87.88682651284847,random,50,26750.72559894407
mess,4,6283890.651000577,6315793.156788852,5,106.50867858506099,random,50,72889.84301273762
oracle,1,81200.4178838618,81258.31359281146,5,1.0,streaming,100,169.0301369489807
astra_single_core,1,5342541.169253897,5339022.692728984,5,65.70432558424768,streaming,100,18111.33839642271
deepseek_single_core,1,3312794.5270142327,3308058.6558999224,5,40.71040253772348,streaming,100,10641.044824630628
astra_multicore,1,5229143.810455865,5221175.014514319,5,64.25404101637929,streaming,100,20049.085956447638
deepseek_multicore,1,3176222.936397009,3173952.973711042,5,39.06003993161663,streaming,100,12193.66838207841
fixedlat,1,1886201.829445917,1886320.5744343835,5,23.21387795329852,streaming,100,3164.0636089382074
md1,1,6174335.668448553,6184497.80372527,5,76.10910847493126,streaming,100,26481.113296777137
wmg1,1,3380670.745047802,3375152.473778685,5,41.536088118831806,streaming,100,22975.84362114912
mess,1,3995363.6234265785,4002708.4406717974,5,49.25906364153117,streaming,100,23743.77334327146
oracle,64,263827.8578241434,263936.33858596085,5,1.0,random,75,360.28249769557516
astra_single_core,64,5322915.978079232,5315673.07974805,5,20.139981891947023,random,75,14969.203970708464
deepseek_single_core,64,4040022.2840270665,4060092.0056150164,5,15.38284583080512,random,75,40878.184792451204
astra_multicore,64,5186161.569233383,5194572.596685951,5,19.68115729920282,random,75,25174.110127619024
deepseek_multicore,64,3848201.4527071244,3848310.1757150814,5,14.580448438181746,random,75,6095.120092873681
fixedlat,64,10222602.844411615,10231815.42775763,5,38.76622477440806,random,75,32803.58408115509
md1,64,10255217.648840254,10247721.596900899,5,38.82648994754976,random,75,20571.558172436264
wmg1,64,6324529.381685141,6334019.229074003,5,23.998284067319098,random,75,31312.814017009918
mess,64,9042737.2746992,9037246.251296032,5,34.240250128925354,random,75,23813.853443864
oracle,64,575268.975210006,575594.1926483025,5,1.0,streaming,50,7204.964703253421
astra_single_core,64,5727850.524472034,5731943.197859845,5,9.958306166167587,streaming,50,26760.705126889632
deepseek_single_core,64,4337499.599659941,4334491.848223475,5,7.5304648719274345,streaming,50,7445.822392872707
astra_multicore,64,5740815.839167271,5740572.7218312705,5,9.97329854114573,streaming,50,6739.308467652312
deepseek_multicore,64,4068737.188441089,4070882.668214516,5,7.07248738817956,streaming,50,4317.583776107498
fixedlat,64,12149165.52561106,12142344.775803879,5,21.09532189672916,streaming,50,27105.00554781027
md1,64,12139484.654416978,12141189.779389093,5,21.093315280905827,streaming,50,12946.989470490547
wmg1,64,7216422.120573278,7220134.427293059,5,12.543793039455975,streaming,50,20537.32041936313
mess,64,10907078.702309804,10915431.671441106,5,18.96376268360062,streaming,50,17369.33864802045
