cohort,cores,arm,cases,core_abs_pct,core_signed_pct,mae_L,drift_L,abs_drift_L,p99_L,p999_L,worst_core_pct,makespan_abs_pct,oracle_coverage,model_coverage,min_oracle_pairing,paired_reads_total
training,4,fixedlat,8,22.904194219268703,-22.904194219268703,0.5692553141324613,-0.43603967297990365,0.43603967297990365,2.866535190469123,5.180996506516662,33.48605919726762,28.956170071657965,0.9126610935291448,0.9134657161422715,0.7265006710136203,8955816
training,4,md1,8,18.72577326447751,-18.72577326447751,0.589698602108609,-0.45192170558330613,0.45192170558330613,3.104800243432905,5.503011282424954,27.748142268158986,21.95511564901524,0.9016515923209014,0.8979189628570747,0.669532600743609,8868776
training,4,wmg1,8,23.83846240444431,-23.83846240444431,0.6287785034248823,-0.5549478442713788,0.5549478442713788,3.1670087575837407,5.529288096344912,35.31182443484232,29.116251644806617,0.9009756028174899,0.8983229082003157,0.6698030722938523,8859914
training,4,mess,8,6.195548039748488,-0.6197315734517774,0.4831039727723966,-0.052611177297791925,0.1294690167904077,2.66653662009218,5.170600529754382,14.205311706813132,6.552222192415909,0.9048227545226373,0.8978701624311722,0.6747213344765765,8896845
training,4,astra_single_core,8,3.5324343494401043,-1.0604000481696239,0.4955835781529264,0.022140373062922037,0.08597656243496263,2.718865443217542,4.712373001573631,7.358799549642667,4.802498949132559,0.9183787094249511,0.9202116780395646,0.7225037025489126,9010937
training,4,astra_multicore,8,2.240161531012409,-0.23604414567744303,0.4981452447458895,0.03166375611861017,0.06929388670875218,2.6906215960246653,4.713915100667087,5.345032271751135,2.342566880170033,0.9188032654749418,0.9198262710040567,0.7245688655315001,9014185
training,4,deepseek_single_core,8,4.0827905732043535,2.9462904703035298,0.5281174368014923,0.051682430863566026,0.06713732264328678,2.5254109202522597,4.53194868833731,9.510421402810946,5.802566207094084,0.9070976425227939,0.906651717584575,0.666196784957274,8909953
training,4,deepseek_multicore,8,3.940921702285599,-1.0451061625539828,0.5179886071319876,-0.0076567175149432915,0.09291229823005938,2.5498566988423956,4.61530173924256,10.110131936247658,5.662484983777301,0.9070995368639517,0.906682880419492,0.6666654144835636,8909159
training,1,fixedlat,14,19.833301777412533,-19.833301777412533,0.4498754846395057,-0.41532383941975587,0.41532383941975587,2.044354142504821,3.7785897373680943,19.833301777412533,19.833301777412533,0.9630154373929759,0.9630254106104152,0.9027301529724491,4388674
training,1,md1,14,19.665994171948558,-18.884519489292785,0.5186111632752999,-0.46240146533406884,0.4795004781621412,2.329197066078567,4.266311766723069,19.665994171948558,19.665994171948558,0.956127518151307,0.9561308452929248,0.898382992229521,4362043
training,1,wmg1,14,21.036206020398616,-21.036206020398616,0.5185480101911656,-0.5015411747948654,0.5015411747948654,2.3600653623495518,4.3096755600411045,21.036206020398616,21.036206020398616,0.956047505074457,0.9560455471730162,0.8983716567386659,4362856
training,1,mess,14,13.126453876776905,7.41837179137855,0.5584461925696212,0.22420074174151475,0.3714972448368224,1.8595612541535422,3.7711721653792525,13.126453876776905,13.126453876776905,0.9557939601342296,0.95579991036777,0.8980655984855784,4360696
training,1,astra_single_core,14,0.38943634074918343,-0.22563649000348526,0.17240007477170174,0.02472957764289326,0.037103016894701725,1.7604383747592858,3.2003283858046125,0.38943634074918343,0.38943634074918343,0.9641456399178459,0.9641469800143339,0.9034612921326026,4391897
training,1,astra_multicore,14,0.4443115964742855,-0.1604293195712547,0.1703680069749696,0.024886518036802096,0.03435842272269373,1.7205537562756916,3.187811633193328,0.4443115964742855,0.4443115964742855,0.964177091616009,0.9641785457569556,0.9035576438048709,4391934
training,1,deepseek_single_core,14,0.7958021656462257,0.08463598991664166,0.173914530120632,0.009529907507845227,0.029003199940826167,1.4233410049696442,3.115200231560723,0.7958021656462257,0.7958021656462257,0.9607057469679212,0.960707026679259,0.9035349728231606,4359726
training,1,deepseek_multicore,14,1.4357427267434775,-0.7353559523401313,0.1726453607837722,-0.002963651350719376,0.036178137065814915,1.4339962202902694,3.1228458293908083,1.4357427267434775,1.4357427267434775,0.9606704357133248,0.9606717894376233,0.9035349728231606,4359423
test,4,fixedlat,8,27.492089760556446,-27.492089760556446,0.5976214472026882,-0.5258348781878851,0.5258348781878851,3.151809636076263,5.974501342593078,40.24390818946582,38.49877139260701,0.8132931557361791,0.8211306879021674,0.665968778441829,9868798
test,4,md1,8,22.418485019080293,-21.6361304829028,0.5569259737420791,-0.44753965036458576,0.44753965036458576,3.1241093928456714,6.143666492302218,32.277202410478765,30.140732798089093,0.7955324200198246,0.8011888891711216,0.6328212617304452,9458738
test,4,wmg1,8,28.541186609077283,-28.541186609077283,0.6278162980143613,-0.5720751316608267,0.5720751316608267,3.244350182427837,6.2540358854675535,41.25548843243244,39.281671074532625,0.7936638045959123,0.8011707099942779,0.6359182350074044,9483793
test,4,mess,8,4.800559700059077,0.09887938555200537,0.4610252710734385,-0.028125568033071723,0.05950766382586501,2.672039505752393,5.712301863739584,11.184338215713971,1.5222093854883907,0.804991740913955,0.8032329169045674,0.6335780689357395,9586720
test,4,astra_single_core,8,4.706319915751923,0.32585519488034165,0.5267490349845041,0.058105040137713955,0.0804175204393208,3.051617646653539,5.481118786705322,9.38780209265133,5.281902026279986,0.8307482765507801,0.8365182869452941,0.675710641433371,9974667
test,4,astra_multicore,8,3.8423797106373363,0.528302507132618,0.5250950971192264,0.05216878279455804,0.06997589658482589,3.032052510046916,5.458131331930675,8.007388123180403,4.318473634151727,0.8327213477795677,0.8371849624543196,0.6821218073610216,10016860
test,4,deepseek_single_core,8,4.351135830096371,2.481007831927632,0.5325664398041416,0.020156205708365786,0.07398279575319423,2.7748577368718426,5.2618760732587955,8.243146154942595,4.725604891510542,0.8201668126755668,0.8227935002607716,0.646166381134888,9702845
test,4,deepseek_multicore,8,4.15632260855805,0.8490551371432231,0.5194898227945057,-0.008604440036795207,0.07288043492493529,2.790045716031581,5.315431400657847,7.474172678090236,4.507634780636031,0.8190393743174793,0.8220910037337716,0.6480607986027613,9704813
test,8,fixedlat,8,26.020686718004317,-26.020686718004317,0.6471073703524819,-0.5032648645907174,0.5032648645907174,3.1667125616048555,5.26856299765271,43.76307466630752,39.57363507573613,0.8905939906547216,0.8946808977395042,0.822224248572373,20868808
test,8,md1,8,17.193215348326476,-17.029536978955036,0.6363482170751642,-0.37796544207070976,0.37796544207070976,3.2352733745891844,5.39626321145119,33.590347548709275,27.746765433630415,0.8563942040859578,0.8557892424642041,0.6567264920455561,19300180
test,8,wmg1,8,25.305295970764565,-25.305295970764565,0.6458278024439579,-0.5117169668301953,0.5117169668301953,3.285860642248457,5.439368427686665,42.417207348139854,38.10369992016294,0.8798766120277786,0.8828064617565159,0.8153860766948202,20494791
test,8,mess,8,6.442962644284883,-4.473571011661662,0.5745343325679002,-0.1825994389171529,0.1825994389171529,2.991739817008466,5.190457494384168,19.953215854781885,11.562830457981143,0.8685646940885237,0.8634326146069502,0.7026100767663461,19662232
test,8,astra_single_core,8,6.6636405912498144,-5.35015754681609,0.5967321751263328,-0.09334854200174159,0.09334854200174159,2.825820780111849,4.717353250973183,12.306024583783904,8.982467352616098,0.9060862471042698,0.9080713991183306,0.8582388230958324,21113076
test,8,astra_multicore,8,4.576493859834802,-2.811908370647638,0.6068097383146316,-0.07041780338193321,0.07041780338193321,2.8159248127394796,4.740821498250136,11.209997013431623,7.618396041938663,0.9055972984107803,0.9064160209339753,0.8567418569219488,21092581
test,8,deepseek_single_core,8,8.698317360987529,6.919395213865065,0.6495504935235358,0.016545064340914066,0.056765352353313356,2.713686999677657,4.580573018137513,14.016401647500421,4.852544044585472,0.8773441783729822,0.8748602289579972,0.7214739796438897,19855717
test,8,deepseek_multicore,8,5.506034445423838,-1.1547879554197,0.6093217981478327,-0.10428128684596595,0.10428128684596595,2.751603608947209,4.750454399047386,11.564668086637282,6.728780458431161,0.8778788145430854,0.8763284268119973,0.7204115671537967,19861187
test,1,fixedlat,24,23.880890545344517,-23.880890545344517,0.5161690823006163,-0.5085654651397813,0.5085654651397813,1.9277002379912813,3.5919064480687592,23.880890545344517,23.880890545344517,0.9315075001297867,0.9315047157518453,0.8773436616837221,7660119
test,1,md1,24,22.701249187605146,-22.701249187605146,0.5305166665573668,-0.5166342487115986,0.5166342487115986,1.9994557233044137,3.775174058766923,22.701249187605146,22.701249187605146,0.9255488223564022,0.9255464715117258,0.8754488149133054,7645608
test,1,wmg1,24,24.4379080476504,-24.4379080476504,0.5569291711366561,-0.5558454372431061,0.5558454372431061,2.0423620977407455,3.8254271814086054,24.4379080476504,24.4379080476504,0.9250946475806524,0.9250922957450808,0.8737166726397166,7645497
test,1,mess,24,8.566498271889259,6.135852320382437,0.4756378677619062,0.12770419940317765,0.231107920892438,1.4341618730794998,3.172408563148341,8.566498271889259,8.566498271889259,0.9254047985481592,0.9254025749721574,0.875747576264891,7641627
test,1,astra_single_core,24,1.5395424307536392,-1.3257032829944304,0.20097161117230208,0.010653932536688294,0.022736762910447728,1.902892028273284,4.302935661226438,1.5395424307536392,1.5395424307536392,0.9387580914046337,0.938757962751152,0.8791308467058196,7855246
test,1,astra_multicore,24,1.5468202147759396,-1.340718854824783,0.19964643564585813,0.008816664729815264,0.021632294145654013,1.8868722754465521,4.270899634530564,1.5468202147759396,1.5468202147759396,0.9387885562113408,0.9387881424973377,0.8790743242879521,7855407
test,1,deepseek_single_core,24,0.6788657490402975,-0.4908024616628787,0.19666880257128716,-0.021792048049283374,0.02710801248289219,1.6012045210165418,3.1024300460776026,0.6788657490402975,0.6788657490402975,0.9374369136601932,0.9374370941947788,0.8783772144675858,7844799
test,1,deepseek_multicore,24,0.7476950817925223,-0.5602964805072242,0.19949927911850915,-0.032662904015008556,0.0379695046044548,1.611070882153264,3.1348047310519203,0.7476950817925223,0.7476950817925223,0.9374372437967811,0.9374374243258813,0.8783772144675858,7844746
validation,1,fixedlat,14,23.41527847969589,-23.41527847969589,0.4831396511802898,-0.4764786482967391,0.4764786482967391,1.8430323880661488,3.209559938637137,23.41527847969589,23.41527847969589,0.9612567026104438,0.9612526627217993,0.875196359591013,5010451
validation,1,md1,14,20.96438904720632,-20.96438904720632,0.4819831628308783,-0.4308239807764914,0.43201497313962406,1.9066361127990004,3.4136578796062116,20.96438904720632,20.96438904720632,0.9418754118058733,0.9418715002696446,0.8707709584629552,4773337
validation,1,wmg1,14,23.559703197425154,-23.559703197425154,0.5064336940617377,-0.498723625454951,0.498723625454951,1.9851957617987475,3.466966462596757,23.559703197425154,23.559703197425154,0.9420541497647036,0.9420499795868132,0.8648288943120099,4763739
validation,1,mess,14,13.190198473169222,5.439175126745117,0.5634505725844242,0.25577236670614095,0.34224059568525844,1.401159680272677,2.8182017447914816,13.190198473169222,13.190198473169222,0.942139030521534,0.9421379034542756,0.8645466969156548,4764373
validation,1,astra_single_core,14,2.154533893784704,-1.4018326617475476,0.15850632606951912,0.024777317379546603,0.03693484017884149,1.5078685966939298,3.738516586055454,2.154533893784704,2.154533893784704,0.9661637305173488,0.9661599230286478,0.8768846328005769,5085939
validation,1,astra_multicore,14,2.2909092675969873,-1.7354277267909743,0.15247203814125224,0.014564079074655853,0.02848065726384305,1.5463215144469529,3.7536556872055202,2.2909092675969873,2.2909092675969873,0.9663271663960227,0.9663230081466632,0.8769293552697044,5087071
validation,1,deepseek_single_core,14,2.187319472222376,-1.5051124804913616,0.15784031492909079,-0.04003335883395691,0.054020099972113454,1.2938084595322366,2.9085101121289676,2.187319472222376,2.187319472222376,0.9647093151308017,0.9647073803395657,0.8761131702081272,5080226
validation,1,deepseek_multicore,14,2.1873810855262574,-1.5056637977693634,0.1578235904343865,-0.040097613624246235,0.05407639151429123,1.2938084595322366,2.9108752885210314,2.1873810855262574,2.1873810855262574,0.964712147695577,0.9647102128992836,0.8761131702081272,5080235
validation,4,fixedlat,8,22.668281298522857,-22.668281298522857,0.5612919763625805,-0.47118802148844857,0.47118802148844857,4.035611158929015,6.843070184344368,35.27600404319493,33.465864473336815,0.9039298364362909,0.9120989616472618,0.7921133490202851,11965237
validation,4,md1,8,14.543919141449265,-14.09698572846982,0.5246754839284138,-0.31234042030101705,0.31234042030101705,3.9159717038888777,6.777785969312838,23.525178669715174,22.10317780808377,0.8649319487925127,0.8723616758364101,0.7937583202009081,11277206
validation,4,wmg1,8,21.802215902243233,-21.802215902243233,0.5625470792912666,-0.4760772633069024,0.4760772633069024,4.086033986907285,6.9353529697317775,33.88399856612999,32.110645040725494,0.8650082152289171,0.8730783987097925,0.791782339946319,11284156
validation,4,mess,8,6.905699057676104,3.658353827223861,0.5642578228987081,0.0812456758311558,0.14234092854691,3.5397350759576947,6.400602074172508,14.050498883106107,11.567855185683904,0.8756497669886506,0.8742435280219424,0.8036410998136275,11377713
validation,4,astra_single_core,8,5.45582115495805,1.3879539654401758,0.6299285809281314,0.1426839511681619,0.1426839511681619,3.638324874581077,6.241458610201763,11.313342347181155,9.37285934059509,0.9125835741384887,0.9196155918938582,0.7981722542437522,12032886
validation,4,astra_multicore,8,4.245121211891657,0.9210791781676895,0.6154927197503081,0.11376488239128976,0.11376488239128976,3.638497165350329,6.247090760834683,8.798451917167299,7.328678069994132,0.9144374788596029,0.9200190354217024,0.7972655772150623,12070470
validation,4,deepseek_single_core,8,6.935172531099031,3.739408161408779,0.6140589013467965,0.09265705847424115,0.14702849164176812,3.5201042595797265,6.338896989169292,15.276668303948128,11.383737773485858,0.8822541595906187,0.8883063262681028,0.7982557260971871,11508811
validation,4,deepseek_multicore,8,6.766009703798004,2.5116374555596352,0.5994704154160965,0.06631156470169046,0.13671635016433753,3.531720895738351,6.353347930225089,14.414461020197802,11.128999957524023,0.8828749258835197,0.8885268549802922,0.7986198360785499,11516490
validation,8,fixedlat,8,20.707792255544497,-20.707792255544497,0.6310883974357157,-0.40845570943153786,0.40845570943153786,3.2632767772104767,5.664045246447865,36.23008478619086,32.65093536895416,0.9164517788921444,0.9222731213790678,0.8766753094160777,21897389
validation,8,md1,8,11.30208668210092,-10.914852190065103,0.6634121101680102,-0.26068279036368247,0.26068279036368247,3.240548782022182,5.611990698346979,22.364993791025817,18.010247474261433,0.8891119875175265,0.8884498632463503,0.860759345220887,21069190
validation,8,wmg1,8,18.566072788604266,-18.566072788604266,0.6238647846680365,-0.38061915733261753,0.38061915733261753,3.2607029959410543,5.657472236615265,33.21776763895743,29.47956208805073,0.8955100727756611,0.9001263800799795,0.8694882701508809,21281771
validation,8,mess,8,7.007344462460123,1.2069818473786014,0.6271232140946479,-0.05635391604057982,0.06733794967625487,2.948849720992439,5.347868338374259,16.177829674131353,8.512128595308935,0.8967679749885963,0.884718467472693,0.8626731177282372,21230943
validation,8,astra_single_core,8,6.049786261881103,-4.469857372628488,0.6486530318843841,-0.07206586291363914,0.0870479332945017,2.995359519844706,5.3333758502790545,11.580365438023907,10.248158040471937,0.9174003467538535,0.9267955109031585,0.8737537211837743,21896575
validation,8,astra_multicore,8,4.143151766462202,-1.817824792447893,0.6621580220515286,-0.04999497497544794,0.060208946540177305,2.9925939890715085,5.323526724046636,9.493906964703989,7.3636313596303875,0.9209910297421731,0.9259819779140441,0.876117767346224,21990231
validation,8,deepseek_single_core,8,8.8663656579543,8.391823792358934,0.7235593435272173,0.09470475947193248,0.10352509456776926,2.8646396357618578,5.160278877778586,20.127306203865317,10.3245566285895,0.8848020279671518,0.8905201969663058,0.8603982457767183,20952619
validation,8,deepseek_multicore,8,4.9781221518901635,0.4181599020630149,0.6730112418562725,-0.03655664591166276,0.09755719775795707,2.944243981988187,5.288542518957327,11.307522669006719,5.972058378547169,0.8853123130194483,0.8913701979748028,0.8604890661051988,20963264
training,8,fixedlat,8,20.320483570033808,-20.320483570033808,0.6337554630395723,-0.3117989274313957,0.3117989274313957,3.1150839728430464,4.825735911941567,35.898768879284496,21.486054032585614,0.9441759902373458,0.9373066217460364,0.9295777206333563,20478341
training,8,md1,8,12.830578225470237,-12.70621885413724,0.6635699276826569,-0.26510933817874716,0.26510933817874716,3.1996005469181545,4.955184389593867,29.134764779903996,10.360118900687668,0.9397623110795514,0.9274953590669999,0.9272364213559257,20390209
training,8,wmg1,8,17.971455366664518,-17.865519546926308,0.6364174974960035,-0.31255492680929386,0.31255492680929386,3.1627177808042686,4.893481104834933,33.904519762674475,17.47804170041603,0.9387234501177992,0.9296162478465474,0.9213128107338041,20383329
training,8,mess,8,8.246741080710876,-3.249443277315067,0.6033338272242805,-0.10998759156747753,0.10998759156747753,3.003296745839476,4.724808591960484,23.109444866688712,6.5485866265333765,0.9406313545976508,0.9263004350019773,0.9276733714115105,20404755
training,8,astra_single_core,8,7.212923647754682,-6.309989753254126,0.6345656025016828,-0.06010565733825503,0.07674189739495671,2.8551723777345677,4.5476599415115135,12.412637518109074,5.419092710494835,0.9444770787122977,0.9441426716437268,0.9291850270459865,20475012
training,8,astra_multicore,8,4.421562508082489,-1.3986286893141322,0.6489569736013125,0.007714913656636986,0.021130963977266694,2.8002686444398703,4.513116180486554,8.810848880553742,4.225017487730862,0.9456493084770268,0.9421359334483669,0.9282401184223824,20494411
training,8,deepseek_single_core,8,11.718794089492874,11.445686279510554,0.7192594007308875,0.18882852590469254,0.18882852590469254,2.6913208133260897,4.327772115732703,30.473973566424114,18.67572438978854,0.935464962922371,0.9323336568479945,0.9230252498649829,20301149
training,8,deepseek_multicore,8,6.064227136130183,-2.195784747213903,0.6601818643243025,-0.018555388061624628,0.054162189113173165,2.797920886240622,4.5290363574063495,18.962880163547183,3.517909102998491,0.935256295456651,0.9330751387455364,0.9227518819050413,20295787
