case,arm,mode,ending,core_abs_pct,signed_pct,instructions,oracle_instructions,cycles,ipc,dram_reads,verification,low_traffic,roi_seconds,total_hours,peak_rss_gib
polybench421_trisolv_large,astra_multicore,SE,roi_end,0.016433074170273815,-0.016433074170273815,14022009,14022009,9716609,1.4430969693233513,229207,array dump retained; compare oracle/FixedLat at printed precision,False,35.230285081000034,0.022695914374457466,0.14260101318359375
parsec-c1-canneal,astra_multicore,FS,roi_end,0.7215306195444068,0.7215306195444068,1774957254,1774917366,8017631619,0.22138174193408275,35967248,roi_and_process_completion,False,9947.519723861,3.6055087427960504,3.239788055419922
gapbs-c1-pr,astra_multicore,FS,roi_end,0.0017971478730537597,0.0017971478730537597,1492383349,1492383349,13307491358,0.11214610694470459,147436536,numerical_verification,False,13999.044480134999,4.785850579473707,3.1322288513183594
polybench421_gesummv_large,deepseek_multicore,SE,roi_end,1.7759876377628652,1.7759876377628652,16609512,16609512,7042019,2.3586292510713194,377488,array dump retained; compare oracle/FixedLat at printed precision,False,50.397999596999966,0.044913516441981,0.14260101318359375
polybench421_mvt_large,astra_single_core,SE,roi_end,0.1586332687869351,-0.1586332687869351,58030014,58030014,27833913,2.084867262465037,965701,array dump retained; compare oracle/FixedLat at printed precision,False,153.516108706,0.08569829735491011,0.14260101318359375
gapbs-c1-sssp,astra_multicore,FS,roi_end,0.05072823694280796,-0.05072823694280796,584868674,584875021,2170235562,0.26949547977225524,27534528,numerical_verification,False,3303.772029445,3.1702182210154004,3.1331100463867188
npb-c1-cg.B.x,astra_multicore,FS,instruction_cap,0.0005344085455835843,0.0005344085455835843,2000000001,2000000001,12211134960,0.16378493952866768,52048973,unavailable: instruction-capped interval,False,13306.189695755998,3.7012040568060347,3.1306076049804688
parsec-c1-blackscholes,astra_single_core,FS,instruction_cap,0.0832450754482847,0.0832450754482847,2000000001,2000000003,690546714,2.8962559091983455,2647698,unavailable: instruction-capped interval,False,4918.143116945999,1.3689692263470756,3.2399673461914062
polybench421_mvt_large,mess,SE,roi_end,1.0957905831368862,-1.0957905831368862,58030013,58030014,27572651,2.104622185222596,965697,array dump retained; compare oracle/FixedLat at printed precision,False,157.94273682799997,0.08630793472131093,0.142578125
polybench421_bicg_large,fixedlat,SE,roi_end,5.454561916867778,-5.454561916867778,41908495,41908495,16394057,2.556322391705726,476554,array dump retained; compare oracle/FixedLat at printed precision,False,125.09186571800001,0.07873868279986912,0.14151763916015625
polybench421_gesummv_large,deepseek_single_core,SE,roi_end,1.7765657446247625,1.7765657446247625,16609512,16609512,7042059,2.3586158536871107,377488,array dump retained; compare oracle/FixedLat at printed precision,False,49.11591292100002,0.04396149244573381,0.142578125
polybench421_trisolv_large,deepseek_single_core,SE,roi_end,0.007213265493651812,0.007213265493651812,14022009,14022009,9718907,1.442755754325049,229207,array dump retained; compare oracle/FixedLat at printed precision,False,34.072642261,0.02229248927699195,0.142578125
gapbs-c1-bfs,mess,FS,roi_end,4.946472119018212,4.946472119018212,66999329,66989163,103698689,0.6460962008883256,1519028,numerical_verification,False,304.9222008990001,0.7971102402607599,3.124378204345703
gapbs-c1-bfs,astra_multicore,FS,roi_end,1.8817524914146984,-1.8817524914146984,66984080,66989163,96951650,0.6909019083223442,1516991,numerical_verification,False,306.218499432,0.7975047085682551,3.1254959106445312
polybench421_gemver_large,deepseek_multicore,SE,roi_end,2.532376089386005,-2.532376089386005,88101036,88101036,49293627,1.7872703098110432,1456064,array dump retained; compare oracle/FixedLat at printed precision,False,237.80846126300003,0.10640281995137532,0.142578125
parsec-c1-canneal,fixedlat,FS,roi_end,35.469565398116465,-35.469565398116465,1772310669,1774917366,5137269659,0.34499078044211345,36022779,roi_and_process_completion,False,8243.781992074,2.9575809699296953,3.24041748046875
polybench421_trisolv_large,fixedlat,SE,roi_end,5.793126838430879,-5.793126838430879,14022009,14022009,9155218,1.5315865771847268,229207,array dump retained; compare oracle/FixedLat at printed precision,False,34.97129585900001,0.021480792760849,0.14260101318359375
npb-c1-cg.B.x,fixedlat,FS,instruction_cap,0.23287385701363889,-0.23287385701363889,2000000000,2000000001,12182633314,0.16416811935902612,52051067,unavailable: instruction-capped interval,False,13291.835086316001,3.697155442039172,3.13055419921875
polybench421_gesummv_large,wmg1,SE,roi_end,8.330288637194007,-8.330288637194007,16609512,16609512,6342752,2.6186601651775128,377487,array dump retained; compare oracle/FixedLat at printed precision,False,49.809221498,0.04441248443391588,0.14260101318359375
parsec-c1-blackscholes,deepseek_single_core,FS,instruction_cap,0.18549714454787727,0.18549714454787727,2000000001,2000000003,691252225,2.8932999108972126,2647642,unavailable: instruction-capped interval,False,4953.937535256,1.3789092315567864,3.2388229370117188
parsec-c1-blackscholes,wmg1,FS,instruction_cap,0.3055184765332609,-0.3055184765332609,2000000000,2000000003,687864353,2.907550000632174,2647664,unavailable: instruction-capped interval,False,4972.7986141149995,1.3841910875505872,3.2403564453125
polybench421_atax_large,deepseek_single_core,SE,roi_end,0.08000117703837285,0.08000117703837285,41931771,41931771,19250105,2.1782619367530724,476230,array dump retained; compare oracle/FixedLat at printed precision,False,118.42340289700002,0.06975224097569784,0.14261627197265625
polybench421_atax_large,mess,SE,roi_end,1.5664488331177422,1.5664488331177422,41931771,41931771,19536019,2.146382586953872,476229,array dump retained; compare oracle/FixedLat at printed precision,False,124.19379197899997,0.0711450184053845,0.1425933837890625
parsec-c1-canneal,md1,FS,roi_end,34.45221861405515,-34.45221861405515,1772367540,1774917366,5218250389,0.33964785280064874,36025477,roi_and_process_completion,False,8387.019688421,3.0093571751647525,3.241413116455078
polybench421_trisolv_large,mess,SE,roi_end,4.033038608154633,-4.033038608154633,14022009,14022009,9326267,1.5034964150179273,229207,array dump retained; compare oracle/FixedLat at printed precision,False,34.66097012299997,0.021845300131373934,0.14260101318359375
polybench421_atax_large,fixedlat,SE,roi_end,4.942391406122585,-4.942391406122585,41931771,41931771,18284062,2.2933509523212074,476230,array dump retained; compare oracle/FixedLat at printed precision,False,116.52614168700006,0.06847497469849056,0.1425933837890625
gapbs-c1-pr,wmg1,FS,roi_end,1.3582303032095828,-1.3582303032095828,1492093675,1492383349,13126509075,0.11367025813753913,147407113,numerical_verification,False,13929.492568537,4.559827288190524,3.133861541748047
npb-c1-is.B.x,wmg1,FS,instruction_cap,0.23884897560443327,-0.23884897560443327,2000000001,2000000004,4432432637,0.4512194915958516,21470569,unavailable: instruction-capped interval,False,7529.357530844,2.094550830721855,3.129894256591797
gapbs-c1-bfs,wmg1,FS,roi_end,21.670915905551393,-21.670915905551393,66953582,66989163,77397774,0.8650582379798158,1510928,numerical_verification,False,291.722795564,0.782511513431867,3.1243667602539062
polybench421_gesummv_large,md1,SE,roi_end,6.725666325969023,-6.725666325969023,16609512,16609512,6453778,2.5736106819912306,377487,array dump retained; compare oracle/FixedLat at printed precision,False,49.20629217599998,0.0440037747224172,0.142578125
parsec-c1-canneal,deepseek_single_core,FS,roi_end,0.622826588224946,0.622826588224946,1774952631,1774917366,8010602662,0.22157541771730432,35967255,roi_and_process_completion,False,9977.676003467,3.613444027569559,3.2398529052734375
polybench421_atax_large,md1,SE,roi_end,6.897065342838161,-6.897065342838161,41931771,41931771,17908086,2.3414993093064216,476230,array dump retained; compare oracle/FixedLat at printed precision,False,117.12205415900002,0.06897033333778381,0.14261627197265625
parsec-c1-streamcluster,fixedlat,FS,instruction_cap,14.886303759965084,-14.886303759965084,2000000000,2000000001,1547157692,1.2926930527777125,37339804,unavailable: instruction-capped interval,False,5536.6808664810005,1.5409965031676822,3.2397079467773438
gapbs-c1-pr,md1,FS,roi_end,1.4608630690695077,-1.4608630690695077,1492073319,1492383349,13112851474,0.11378709824926063,147419786,numerical_verification,False,13911.387164226,4.565157623754607,3.1329498291015625
polybench421_gesummv_large,astra_multicore,SE,roi_end,0.3561138269286801,-0.3561138269286801,16609512,16609512,6894496,2.409097343736221,377488,array dump retained; compare oracle/FixedLat at printed precision,False,49.428705260000015,0.04425135168764326,0.14260101318359375
parsec-c1-blackscholes,mess,FS,instruction_cap,0.13539426694646106,-0.13539426694646106,2000000000,2000000003,689038163,2.902596847890412,2647644,unavailable: instruction-capped interval,False,4971.233957227,1.3837866855992211,3.241802215576172
polybench421_gemver_large,md1,SE,roi_end,26.13331933414481,-26.13331933414481,88101036,88101036,37357601,2.3583162098658317,1456061,array dump retained; compare oracle/FixedLat at printed precision,False,229.64852808199998,0.10378409312831031,0.14260101318359375
polybench421_mvt_large,fixedlat,SE,roi_end,10.757655721399173,-10.757655721399173,58030014,58030014,24879103,2.3324801541277433,965701,array dump retained; compare oracle/FixedLat at printed precision,False,149.34630390299998,0.08378810279899174,0.142578125
gapbs-c1-bfs,deepseek_multicore,FS,roi_end,2.46984574970877,-2.46984574970877,66984080,66989163,96370549,0.6950679506868847,1516726,numerical_verification,False,300.33730632,0.7940913057989545,3.12542724609375
gapbs-c1-pr,deepseek_multicore,FS,roi_end,0.05064745820669633,0.05064745820669633,1492392559,1492383349,13313991992,0.11209204270940949,147442846,numerical_verification,False,13963.435640655,4.775902142657174,3.132213592529297
npb-c1-is.B.x,deepseek_multicore,FS,instruction_cap,0.005028083439511496,0.005028083439511496,2000000004,2000000004,4443268204,0.45011912677238874,21470200,unavailable: instruction-capped interval,False,7762.9671108719995,2.1594321293963326,3.1288490295410156
polybench421_bicg_large,astra_multicore,SE,roi_end,0.006908932598172155,-0.006908932598172155,41908495,41908495,17338673,2.417053196631599,476554,array dump retained; compare oracle/FixedLat at printed precision,False,124.31920135500002,0.07900334371460808,0.14260101318359375
polybench421_gesummv_large,astra_single_core,SE,roi_end,0.3555935307529726,-0.3555935307529726,16609512,16609512,6894532,2.40908476456415,377488,array dump retained; compare oracle/FixedLat at printed precision,False,48.987265197,0.044023084044456484,0.142578125
gapbs-c1-pr,mess,FS,roi_end,0.09300430177080209,-0.09300430177080209,1492362966,1492383349,13294875890,0.11225098890336463,147462414,numerical_verification,False,13975.978469645,4.78174190196726,3.133087158203125
npb-c1-is.B.x,astra_multicore,FS,instruction_cap,0.0001932908709871295,0.0001932908709871295,2000000004,2000000004,4443053392,0.4501408890564149,21470289,unavailable: instruction-capped interval,False,7630.747577413999,2.122685594227579,3.129497528076172
npb-c1-is.B.x,deepseek_single_core,FS,instruction_cap,0.0064068901520804925,0.0064068901520804925,2000000004,2000000004,4443329465,0.45011292089725785,21470228,unavailable: instruction-capped interval,False,7587.599190121,2.110661781165335,3.12890625
npb-c1-is.B.x,mess,FS,instruction_cap,0.09983714312325895,0.09983714312325895,2000000001,2000000004,4447480613,0.4496927980200731,21470472,unavailable: instruction-capped interval,False,7583.072379395,2.1094502392080097,3.126453399658203
polybench421_gemver_large,astra_single_core,SE,roi_end,2.7194926440987093,2.7194926440987093,88101036,88101036,51949726,1.6958902920873924,1456064,array dump retained; compare oracle/FixedLat at printed precision,False,243.87265680399997,0.10882026619381374,0.14260101318359375
polybench421_atax_large,astra_single_core,SE,roi_end,0.030070626981410747,0.030070626981410747,41931771,41931771,19240501,2.17934922796449,476230,array dump retained; compare oracle/FixedLat at printed precision,False,118.04219538699999,0.06986921197838253,0.14261627197265625
gapbs-c1-bfs,astra_single_core,FS,roi_end,1.7562361383768204,-1.7562361383768204,66989112,66989163,97075674,0.6900710470472757,1516531,numerical_verification,False,300.576639979,0.7942532605595058,3.124065399169922
polybench421_mvt_large,wmg1,SE,roi_end,19.252380458565074,-19.252380458565074,58030014,58030014,22510932,2.5778592374584934,965695,array dump retained; compare oracle/FixedLat at printed precision,False,150.00360206000005,0.08409664187166425,0.142578125
polybench421_gesummv_large,fixedlat,SE,roi_end,4.2588554409105415,-4.2588554409105415,16609512,16609512,6624460,2.507300519589521,377488,array dump retained; compare oracle/FixedLat at printed precision,False,49.39624360099998,0.04438487986723582,0.14260101318359375
parsec-c1-streamcluster,astra_single_core,FS,instruction_cap,0.012077871345201382,0.012077871345201382,2000000002,2000000001,1817973633,1.1001259675585184,35432518,unavailable: instruction-capped interval,False,5646.793412743,1.5715009264813529,3.240467071533203
gapbs-c1-sssp,md1,FS,roi_end,9.346962446677146,-9.346962446677146,584516368,584875021,1968382985,0.2969525607843029,27425493,numerical_verification,False,3192.9056913679997,3.09782910545667,3.132781982421875
gapbs-c1-bfs,fixedlat,FS,roi_end,20.421381301473946,-20.421381301473946,66958665,66989163,78632452,0.851539832434578,1513176,numerical_verification,False,290.89852468000004,0.7794234962595834,3.124431610107422
parsec-c1-canneal,astra_single_core,FS,roi_end,0.6208562249617262,0.6208562249617262,1774952833,1774917366,8010444466,0.2215798187645784,35967099,roi_and_process_completion,False,9958.492046389001,3.606572173304028,3.239246368408203
parsec-c1-streamcluster,md1,FS,instruction_cap,12.168386944190653,-12.168386944190653,2000000006,2000000001,1596562736,1.252691147615511,36366737,unavailable: instruction-capped interval,False,5534.054024123,1.5401607296864193,3.2392959594726562
parsec-c1-streamcluster,wmg1,FS,instruction_cap,14.521984733130736,-14.521984733130736,2000000001,2000000001,1553780116,1.2871834183003537,36363182,unavailable: instruction-capped interval,False,5501.712833523,1.531240306297938,3.2399063110351562
parsec-c1-canneal,wmg1,FS,roi_end,35.543505012701125,-35.543505012701125,1772308456,1774917366,5131372307,0.3453868380554442,36022744,roi_and_process_completion,False,8324.898739035,2.9848044121927684,3.239940643310547
npb-c1-mg.B.x,mess,FS,instruction_cap,7.168256552143462,-7.168256552143462,2000000002,2000000003,1169575334,1.710022384928306,56963325,unavailable: instruction-capped interval,False,6730.218455577,1.872856895857387,3.151477813720703
npb-c1-mg.B.x,fixedlat,FS,instruction_cap,15.568138834628943,-15.568138834628943,2000000003,2000000003,1063746285,1.880147579551829,56964805,unavailable: instruction-capped interval,False,6562.9942055989995,1.8263770880964068,3.1498146057128906
polybench421_gemver_large,astra_multicore,SE,roi_end,1.9573238297034308,1.9573238297034308,88101036,88101036,51564264,1.7085677010729756,1456064,array dump retained; compare oracle/FixedLat at printed precision,False,237.79433986499998,0.10636000308725568,0.142578125
npb-c1-cg.B.x,astra_single_core,FS,instruction_cap,0.0015811227410532783,-0.0015811227410532783,2000000001,2000000001,12210876631,0.16378840450509174,52049999,unavailable: instruction-capped interval,False,13304.045081684,3.700675123466386,3.130474090576172
gapbs-c1-pr,fixedlat,FS,roi_end,1.3575699264568692,-1.3575699264568692,1492093675,1492383349,13126596953,0.11366949715470555,147415723,numerical_verification,False,13885.968285289999,4.546421922776434,3.133209228515625
parsec-c1-streamcluster,mess,FS,instruction_cap,14.81191316941872,14.81191316941872,2000000003,2000000001,2086998244,0.9583141762336815,36502637,unavailable: instruction-capped interval,False,5812.590423056,1.6175852431853612,3.2395591735839844
npb-c1-mg.B.x,astra_single_core,FS,instruction_cap,0.6047683851261847,-0.6047683851261847,2000000000,2000000003,1252267887,1.597102361852708,56942516,unavailable: instruction-capped interval,False,6699.180135528,1.8642773541476991,3.1528587341308594
parsec-c1-blackscholes,md1,FS,instruction_cap,0.4400840146135364,-0.4400840146135364,2000000000,2000000003,686935888,2.911479855598984,2647636,unavailable: instruction-capped interval,False,4935.518003593,1.3737607915533914,3.2398643493652344
gapbs-c1-sssp,mess,FS,roi_end,0.3639878491217727,0.3639878491217727,584885345,584875021,2179240446,0.2683895419037207,27523847,numerical_verification,False,3294.829659942,3.157360553542773,3.1319007873535156
npb-c1-cg.B.x,mess,FS,instruction_cap,0.11514594005261981,0.11514594005261981,2000000003,2000000001,12225130254,0.1635974391639394,52054392,unavailable: instruction-capped interval,False,13391.034159924,3.724755741821395,3.1295814514160156
npb-c1-cg.B.x,deepseek_single_core,FS,instruction_cap,0.024801463538087546,0.024801463538087546,2000000000,2000000001,12214098227,0.1637452035205415,52051017,unavailable: instruction-capped interval,False,13449.497505801999,3.7411543188492455,3.129913330078125
polybench421_trisolv_large,astra_single_core,SE,roi_end,0.009487347767684694,-0.009487347767684694,14022009,14022009,9717284,1.4429967262457288,229207,array dump retained; compare oracle/FixedLat at printed precision,False,34.23642886499999,0.022321794165505303,0.142578125
gapbs-c1-sssp,fixedlat,FS,roi_end,9.408987133463647,-9.408987133463647,584511189,584875021,1967036220,0.29715324154020917,27431192,numerical_verification,False,3185.073697534,3.0882216027710174,3.1309165954589844
polybench421_gemver_large,deepseek_single_core,SE,roi_end,1.4038121293082106,1.4038121293082106,88101036,88101036,51284329,1.7178939008834453,1456064,array dump retained; compare oracle/FixedLat at printed precision,False,238.430555562,0.10674209402667152,0.14260101318359375
polybench421_bicg_large,md1,SE,roi_end,7.587899587026916,-7.587899587026916,41908495,41908495,16024139,2.6153352139543973,476549,array dump retained; compare oracle/FixedLat at printed precision,False,122.84589802099998,0.07797459178500706,0.1414947509765625
gapbs-c1-sssp,deepseek_multicore,FS,roi_end,0.021015622676870623,0.021015622676870623,584875213,584875021,2171793363,0.2693051848137543,27529818,numerical_verification,False,3301.126800274,3.163710319267379,3.132152557373047
npb-c1-is.B.x,astra_single_core,FS,instruction_cap,0.01573400743946223,0.01573400743946223,2000000004,2000000004,4443743873,0.4500709449417001,21469863,unavailable: instruction-capped interval,False,7580.956743882,2.108815252052413,3.1285476684570312
gapbs-c1-bfs,md1,FS,roi_end,19.58030616197712,-19.58030616197712,66958614,66989163,79463527,0.8426333001805973,1513696,numerical_verification,False,290.54980110400015,0.777984670665529,3.1249847412109375
parsec-c1-streamcluster,deepseek_single_core,FS,instruction_cap,0.04712524131433847,0.04712524131433847,2000000003,2000000001,1818610708,1.0997405845033659,35433186,unavailable: instruction-capped interval,False,5725.644852736999,1.5933956327703265,3.2400665283203125
parsec-c1-blackscholes,deepseek_multicore,FS,instruction_cap,0.08133514382908326,0.08133514382908326,2000000001,2000000003,690533536,2.896311180750532,2647767,unavailable: instruction-capped interval,False,4947.034309492001,1.377067391210132,3.240264892578125
polybench421_bicg_large,deepseek_single_core,SE,roi_end,0.02249151680540184,0.02249151680540184,41908495,41908495,17343771,2.416342731923755,476553,array dump retained; compare oracle/FixedLat at printed precision,False,123.99665357599997,0.07853475491205851,0.1414947509765625
polybench421_trisolv_large,deepseek_multicore,SE,roi_end,0.007676313920491087,0.007676313920491087,14022009,14022009,9718952,1.4427490741800144,229207,array dump retained; compare oracle/FixedLat at printed precision,False,34.864104638000015,0.022388010753525627,0.14260101318359375
npb-c1-mg.B.x,wmg1,FS,instruction_cap,19.753738653289545,-19.753738653289545,2000000000,2000000003,1011012445,1.9782150159388,56957296,unavailable: instruction-capped interval,False,6564.7076753050005,1.8268555482228597,3.150909423828125
polybench421_gesummv_large,mess,SE,roi_end,4.30678049976182,-4.30678049976182,16609512,16609512,6621144,2.5085562253290368,377487,array dump retained; compare oracle/FixedLat at printed precision,False,50.12005094900002,0.0448221410645379,0.14260101318359375
polybench421_mvt_large,md1,SE,roi_end,12.495576730970223,-12.495576730970223,58030014,58030014,24394603,2.3788054267577134,965698,array dump retained; compare oracle/FixedLat at printed precision,False,149.57225954,0.08351392050584157,0.14260101318359375
parsec-c1-streamcluster,astra_multicore,FS,instruction_cap,0.0017752126225861705,0.0017752126225861705,2000000002,2000000001,1817786356,1.100239307770445,35433680,unavailable: instruction-capped interval,False,5740.388762703,1.597581596242057,3.2398109436035156
npb-c1-mg.B.x,deepseek_multicore,FS,instruction_cap,0.4266158612329898,-0.4266158612329898,2000000002,2000000003,1254512408,1.5942448948659582,56943516,unavailable: instruction-capped interval,False,6704.524115646,1.8657618627945582,3.1518211364746094
npb-c1-mg.B.x,deepseek_single_core,FS,instruction_cap,3.785195270408344,3.785195270408344,2000000000,2000000003,1307576481,1.5295472418335734,56946342,unavailable: instruction-capped interval,False,6789.339873821,1.8893800109624863,3.152416229248047
gapbs-c1-pr,astra_single_core,FS,roi_end,0.0021969899980268707,0.0021969899980268707,1492383349,1492383349,13307544566,0.11214565854717874,147437455,numerical_verification,False,14067.324913996,4.802214470174578,3.1332740783691406
parsec-c1-blackscholes,astra_multicore,FS,instruction_cap,0.16660479317239188,0.16660479317239188,2000000001,2000000003,691121873,2.893845614115009,2647733,unavailable: instruction-capped interval,False,4939.689722196,1.3750074764092763,3.2396392822265625
polybench421_mvt_large,astra_multicore,SE,roi_end,0.16770489362327187,-0.16770489362327187,58030014,58030014,27831384,2.0850567115167538,965701,array dump retained; compare oracle/FixedLat at printed precision,False,151.70717011200003,0.08481852405601077,0.142578125
parsec-c1-blackscholes,fixedlat,FS,instruction_cap,0.026484829581851096,-0.026484829581851096,2000000001,2000000003,689789608,2.8994348099833944,2647622,unavailable: instruction-capped interval,False,4978.647195104,1.3858693716261121,3.239521026611328
polybench421_gemver_large,mess,SE,roi_end,12.45304735443019,-12.45304735443019,88101036,88101036,44276311,1.989800731140406,1456062,array dump retained; compare oracle/FixedLat at printed precision,False,239.61401859100005,0.10650568379296196,0.142578125
polybench421_atax_large,astra_multicore,SE,roi_end,0.020223848367511725,0.020223848367511725,41931771,41931771,19238607,2.179563780267459,476230,array dump retained; compare oracle/FixedLat at printed precision,False,117.545465734,0.06921057356728448,0.1425933837890625
polybench421_gemver_large,fixedlat,SE,roi_end,30.010088115796226,-30.010088115796226,88101036,88101036,35396950,2.4889442734472884,1456064,array dump retained; compare oracle/FixedLat at printed precision,False,226.84997013999998,0.10297242416275872,0.142578125
parsec-c1-canneal,mess,FS,roi_end,1.4762287757428387,1.4762287757428387,1774998909,1774917366,8078539318,0.21971780282669165,35964325,roi_and_process_completion,False,9915.426051397,3.6087942839331095,3.2398109436035156
polybench421_mvt_large,deepseek_multicore,SE,roi_end,0.10033310332035458,0.10033310332035458,58030014,58030014,27906108,2.0794735690122033,965700,array dump retained; compare oracle/FixedLat at printed precision,False,151.32431648800008,0.08458036541938782,0.142578125
npb-c1-cg.B.x,deepseek_multicore,FS,instruction_cap,0.009647271112624816,0.009647271112624816,2000000001,2000000001,12212247738,0.16377001547198713,52050626,unavailable: instruction-capped interval,False,13368.984992461,3.7186500903632904,3.13055419921875
npb-c1-mg.B.x,astra_multicore,FS,instruction_cap,0.22300494885460337,-0.22300494885460337,2000000001,2000000003,1257077676,1.5909915824485614,56940960,unavailable: instruction-capped interval,False,6658.83655604,1.8530018384589089,3.151805877685547
npb-c1-is.B.x,fixedlat,FS,instruction_cap,0.22473763917506515,-0.22473763917506515,2000000001,2000000004,4433059610,0.45115567507561666,21470406,unavailable: instruction-capped interval,False,7508.324153576999,2.0886723306443957,3.1287460327148438
gapbs-c1-sssp,deepseek_single_core,FS,roi_end,0.017693291846999543,0.017693291846999543,584875230,584875021,2171721224,0.2693141382680524,27528814,numerical_verification,False,3309.9427284619996,3.2911540120840073,3.1328353881835938
gapbs-c1-bfs,deepseek_single_core,FS,roi_end,2.4633748121376207,-2.4633748121376207,66984080,66989163,96376943,0.6950218373288723,1516326,numerical_verification,False,301.671971191,0.7990494464503394,3.126628875732422
polybench421_bicg_large,deepseek_multicore,SE,roi_end,0.02197824885779139,0.02197824885779139,41908495,41908495,17343682,2.4163551315112906,476554,array dump retained; compare oracle/FixedLat at printed precision,False,125.130024532,0.0791031085120307,0.14260101318359375
polybench421_bicg_large,mess,SE,roi_end,3.967538166806431,-3.967538166806431,41908495,41908495,16651905,2.51673877553349,476549,array dump retained; compare oracle/FixedLat at printed precision,False,123.63208695500003,0.07815701120429569,0.14260101318359375
npb-c1-cg.B.x,md1,FS,instruction_cap,0.0854532506471272,-0.0854532506471272,2000000000,2000000001,12200634947,0.16392589473318991,52067384,unavailable: instruction-capped interval,False,13334.23762058,3.709035565190845,3.1299705505371094
npb-c1-mg.B.x,md1,FS,instruction_cap,15.5085644577982,-15.5085644577982,2000000002,2000000003,1064496855,1.878821898445158,56965331,unavailable: instruction-capped interval,False,6581.501377275,1.8315719693899155,3.150196075439453
polybench421_mvt_large,deepseek_single_core,SE,roi_end,0.09963363046820525,0.09963363046820525,58030014,58030014,27905913,2.0794880998876475,965701,array dump retained; compare oracle/FixedLat at printed precision,False,152.05234706100003,0.08471647209591336,0.14260101318359375
polybench421_bicg_large,astra_single_core,SE,roi_end,0.006395664650561702,-0.006395664650561702,41908495,41908495,17338762,2.41704078987877,476554,array dump retained; compare oracle/FixedLat at printed precision,False,124.71209140300004,0.0791510776678721,0.142578125
polybench421_atax_large,wmg1,SE,roi_end,7.24615807968477,-7.24615807968477,41931771,41931771,17840939,2.3503118866109007,476230,array dump retained; compare oracle/FixedLat at printed precision,False,115.80472202100003,0.0680500121249093,0.1425933837890625
gapbs-c1-sssp,wmg1,FS,roi_end,9.53668163436753,-9.53668163436753,584506208,584875021,1964263542,0.2975701556853515,27422523,numerical_verification,False,3204.6788252750002,3.1048926134904224,3.131153106689453
polybench421_trisolv_large,md1,SE,roi_end,8.164408122239845,-8.164408122239845,14022009,14022009,8924772,1.5711335818999073,229207,array dump retained; compare oracle/FixedLat at printed precision,False,33.65089586800002,0.02127373629146152,0.142578125
npb-c1-cg.B.x,wmg1,FS,instruction_cap,0.1103628865265515,-0.1103628865265515,2000000000,2000000001,12197593214,0.1639667731913264,52063205,unavailable: instruction-capped interval,False,13441.727517808,3.7387907051377827,3.12939453125
gapbs-c1-pr,deepseek_single_core,FS,roi_end,0.05193765694441685,0.05193765694441685,1492392559,1492383349,13314163682,0.11209059725002711,147442384,numerical_verification,False,14193.230972465,4.855720106495752,3.13336181640625
parsec-c1-canneal,deepseek_multicore,FS,roi_end,0.6226467620063432,0.6226467620063432,1774952631,1774917366,8010588346,0.22157581370241092,35966870,roi_and_process_completion,False,9938.795181096,3.599182605147362,3.2392730712890625
polybench421_gemver_large,wmg1,SE,roi_end,33.038436868009796,-33.038436868009796,88101036,88101036,33865382,2.601507226465067,1456061,array dump retained; compare oracle/FixedLat at printed precision,False,230.115054272,0.1038385546207428,0.142578125
polybench421_bicg_large,wmg1,SE,roi_end,8.044696526289036,-8.044696526289036,41908495,41908495,15944931,2.6283271467276967,476549,array dump retained; compare oracle/FixedLat at printed precision,False,124.34298673400002,0.07819865650600857,0.14260101318359375
npb-c1-is.B.x,md1,FS,instruction_cap,0.22145716359064652,-0.22145716359064652,2000000001,2000000004,4433205363,0.45114084217532785,21470458,unavailable: instruction-capped interval,False,7507.5244167109995,2.0883902111318378,3.1288986206054688
polybench421_trisolv_large,wmg1,SE,roi_end,8.548141498544073,-8.548141498544073,14022009,14022009,8887480,1.5777260820840102,229207,array dump retained; compare oracle/FixedLat at printed precision,False,34.73237451699998,0.021490224599838258,0.14260101318359375
parsec-c1-streamcluster,deepseek_multicore,FS,instruction_cap,0.02620833056611359,0.02620833056611359,2000000000,2000000001,1818230490,1.0999705543382456,35433480,unavailable: instruction-capped interval,False,5735.933393863001,1.5963404120339288,3.239276885986328
gapbs-c1-sssp,astra_single_core,FS,roi_end,0.05264148206216551,-0.05264148206216551,584868674,584875021,2170194019,0.2695006385970507,27535628,numerical_verification,False,3284.9448389390004,3.1585087143712576,3.1332130432128906
polybench421_atax_large,deepseek_multicore,SE,roi_end,0.08004276850031118,0.08004276850031118,41931771,41931771,19250113,2.1782610315066724,476230,array dump retained; compare oracle/FixedLat at printed precision,False,116.83387483799999,0.0689458954334259,0.1425933837890625
