arm,read_ratio,nop_counter,streaming_only,status,throughput_GBps,probe_latency_ns,reason
oracle,100,1,False,complete,19.23078753319896,212.67118079999997,
oracle,100,33,False,complete,19.23038950912039,109.5538912,
oracle,100,36,False,complete,18.37948957932913,49.7810144,
oracle,100,38,False,complete,17.485249435364622,49.5682304,
oracle,100,41,False,complete,16.307778002112496,49.291382399999996,
oracle,100,44,False,complete,15.303596422251118,48.5653792,
oracle,100,47,False,complete,14.402151363489175,48.897097599999995,
oracle,100,50,False,complete,13.619445527825164,48.7937216,
oracle,100,52,False,complete,13.146042044065121,48.7918912,
oracle,100,55,False,complete,12.530823965556474,47.6888256,
oracle,100,58,False,complete,11.932168209056666,48.396192,
oracle,100,65,False,complete,10.792054076453574,48.30987199999999,
oracle,100,70,False,complete,10.123663184887675,48.0287392,
oracle,100,80,False,complete,9.044626961878539,47.325824,
oracle,100,90,False,complete,8.182827995257595,47.5680608,
oracle,100,100,False,complete,7.497574486072924,47.62368,
oracle,100,125,False,complete,6.281886297042724,47.099187199999996,
oracle,100,150,False,complete,5.4596411673476455,47.150896,
oracle,100,200,False,complete,4.445230207094224,46.7700896,
oracle,100,300,False,complete,3.4234688539324303,46.6408384,
oracle,100,500,False,complete,2.614435332953445,46.2563712,
oracle,100,750,False,complete,2.2047215537175417,46.233824,
oracle,100,1000,False,complete,2.0031187534811545,46.116844799999996,
oracle,100,2000,False,complete,1.7017482336886345,45.908511999999995,
oracle,100,5000,False,complete,1.5204193959738859,45.8020576,
oracle,100,10000,False,complete,1.4595984817938856,45.7769312,
oracle,90,1,False,complete,18.74512325488446,233.47613119999997,
oracle,90,33,False,complete,18.785071178732217,189.7636416,
oracle,90,36,False,complete,18.11106689574706,62.683046399999995,
oracle,90,38,False,complete,17.237568459588694,61.168307199999994,
oracle,90,41,False,complete,16.083698976906003,59.35903999999999,
oracle,90,44,False,complete,15.088059003940911,57.89114239999999,
oracle,90,47,False,complete,14.210009861861208,57.193219199999994,
oracle,90,50,False,complete,13.443049061198352,56.2224416,
oracle,90,52,False,complete,12.991333307487789,55.137763199999995,
oracle,90,55,False,complete,12.378127416415388,53.678643199999996,
oracle,90,58,False,complete,11.757860651665961,55.657430399999996,
oracle,90,65,False,complete,10.650982269353696,54.068060800000005,
oracle,90,70,False,complete,9.996799885789443,53.078064,
oracle,90,80,False,complete,8.933579890489199,51.558416,
oracle,90,90,False,complete,8.100542924314183,50.67192,
oracle,90,100,False,complete,7.422284206378826,50.4512736,
oracle,90,125,False,complete,6.222845894837142,49.23376639999999,
oracle,90,150,False,complete,5.413047413863427,48.8384,
oracle,90,200,False,complete,4.411939615522776,47.9440416,
oracle,90,300,False,complete,3.4087348338073795,47.1503552,
oracle,90,500,False,complete,2.605683497594521,46.54436799999999,
oracle,90,750,False,complete,2.2015251026824814,46.3416512,
oracle,90,1000,False,complete,2.002766134286059,46.12816,
oracle,90,2000,False,complete,1.7007263504277763,45.943622399999995,
oracle,90,5000,False,complete,1.5195405910177864,45.832758399999996,
oracle,90,10000,False,complete,1.4598041051956652,45.770483199999994,
oracle,80,1,False,complete,18.28912386790259,259.4520864,
oracle,80,33,False,complete,18.41718031382276,214.39100800000003,
oracle,80,36,False,complete,17.997701457100042,70.62835519999999,
oracle,80,38,False,complete,17.149311865606144,66.873872,
oracle,80,41,False,complete,15.981745505627421,65.6740864,
oracle,80,44,False,complete,14.975793409593814,64.5397376,
oracle,80,47,False,complete,14.09654524777837,63.613388799999996,
oracle,80,50,False,complete,13.318726282470402,63.11614399999999,
oracle,80,52,False,complete,12.858025751690072,62.3144704,
oracle,80,55,False,complete,12.232103187208672,61.1473824,
oracle,80,58,False,complete,11.665657669289637,60.4533696,
oracle,80,65,False,complete,10.552354137283274,58.844988799999996,
oracle,80,70,False,complete,9.907879012072604,57.231824,
oracle,80,80,False,complete,8.84139345390465,55.6827648,
oracle,80,90,False,complete,8.01553349750535,54.331264000000004,
oracle,80,100,False,complete,7.351595791480029,53.42879359999999,
oracle,80,125,False,complete,6.155251068397464,51.9319424,
oracle,80,150,False,complete,5.364524920732405,50.7081952,
oracle,80,200,False,complete,4.3820349877616644,49.0379968,
oracle,80,300,False,complete,3.38711594897887,47.9123424,
oracle,80,500,False,complete,2.596916967173142,46.8444288,
oracle,80,750,False,complete,2.198374993722127,46.4488128,
oracle,80,1000,False,complete,1.9977255344627698,46.299011199999995,
oracle,80,2000,False,complete,1.7004892336356465,45.9500288,
oracle,80,5000,False,complete,1.5205423085901557,45.7983552,
oracle,80,10000,False,complete,1.4596090931968795,45.7765984,
oracle,70,1,False,complete,17.854016684588778,293.73169279999996,
oracle,70,33,False,complete,18.118902201218052,244.2979136,
oracle,70,36,False,complete,17.8868327104872,80.52578559999999,
oracle,70,38,False,complete,17.05178773002209,74.5136704,
oracle,70,41,False,complete,15.894713398568289,72.1140992,
oracle,70,44,False,complete,14.891734709103122,70.49361280000001,
oracle,70,47,False,complete,14.006935261108904,69.85838079999999,
oracle,70,50,False,complete,13.231344498561715,69.0877824,
oracle,70,52,False,complete,12.760469492057602,68.8746656,
oracle,70,55,False,complete,12.138452906520365,67.1737248,
oracle,70,58,False,complete,11.584721246768785,65.4737824,
oracle,70,65,False,complete,10.496014962294552,62.0327968,
oracle,70,70,False,complete,9.850938818636589,60.220492799999995,
oracle,70,80,False,complete,8.775398545242213,59.06617599999999,
oracle,70,90,False,complete,7.9424403710685345,57.926336,
oracle,70,100,False,complete,7.28355933178077,56.64742719999999,
oracle,70,125,False,complete,6.098477485051982,54.4376768,
oracle,70,150,False,complete,5.305641334434966,53.196166399999996,
oracle,70,200,False,complete,4.345295125518838,50.452688,
oracle,70,300,False,complete,3.3710025680749705,48.494492799999996,
oracle,70,500,False,complete,2.5860380104624694,47.22215679999999,
oracle,70,750,False,complete,2.1923051201456873,46.653318399999996,
oracle,70,1000,False,complete,1.9974671293102562,46.3082048,
oracle,70,2000,False,complete,1.6978537643682596,46.036432,
oracle,70,5000,False,complete,1.5191600254021649,45.84424,
oracle,70,10000,False,complete,1.4597218488831345,45.7730624,
oracle,60,1,False,complete,17.43872081204307,337.70384959999996,
oracle,60,33,False,complete,17.968331306697415,274.4211808,
oracle,60,36,False,complete,17.777580516990387,93.4397152,
oracle,60,38,False,complete,16.957075967653005,83.8329024,
oracle,60,41,False,complete,15.810795780646302,79.72432,
oracle,60,44,False,complete,14.807085062423992,77.8597664,
oracle,60,47,False,complete,13.916013510721557,77.5973536,
oracle,60,50,False,complete,13.144853541394854,76.2506368,
oracle,60,52,False,complete,12.682762989511456,75.2668384,
oracle,60,55,False,complete,12.063179465669775,72.9964352,
oracle,60,58,False,complete,11.52633537378225,69.641104,
oracle,60,65,False,complete,10.443270668128772,65.369824,
oracle,60,70,False,complete,9.793130358467963,63.6886848,
oracle,60,80,False,complete,8.712669920439328,62.697065599999995,
oracle,60,90,False,complete,7.874227168784326,61.73452479999999,
oracle,60,100,False,complete,7.212105636091916,60.475168,
oracle,60,125,False,complete,6.033613674029046,57.626982399999996,
oracle,60,150,False,complete,5.241738727424915,56.17551679999999,
oracle,60,200,False,complete,4.305911009042524,52.0824096,
oracle,60,300,False,complete,3.351210137189678,49.2335168,
oracle,60,500,False,complete,2.5797151264954805,47.44209599999999,
oracle,60,750,False,complete,2.1895603711067295,46.746876799999995,
oracle,60,1000,False,complete,1.9957503685954088,46.3640736,
oracle,60,2000,False,complete,1.6978537643682596,46.036432,
oracle,60,5000,False,complete,1.5191531328554697,45.844448,
oracle,60,10000,False,complete,1.4596090931968795,45.7765984,
oracle,50,1,False,complete,17.057641880737123,396.96296639999997,
oracle,50,33,False,complete,17.931273416477918,318.67222399999997,
oracle,50,36,False,complete,17.695719265901662,106.22659839999999,
oracle,50,38,False,complete,16.86496776967176,95.32731519999999,
oracle,50,41,False,complete,15.72583650055117,89.2736832,
oracle,50,44,False,complete,14.719079913569322,87.1497536,
oracle,50,47,False,complete,13.838635699153674,85.6551072,
oracle,50,50,False,complete,13.07860989669446,82.8256416,
oracle,50,52,False,complete,12.614940874138961,81.806192,
oracle,50,55,False,complete,12.012029359162444,77.5542144,
oracle,50,58,False,complete,11.466172892772994,74.55219199999999,
oracle,50,65,False,complete,10.391969785880681,69.00462399999999,
oracle,50,70,False,complete,9.73439294782545,67.615392,
oracle,50,80,False,complete,8.66330536811656,65.802464,
oracle,50,90,False,complete,7.813458806986272,65.5762432,
oracle,50,100,False,complete,7.150525255956076,64.197536,
oracle,50,125,False,complete,5.967798213463745,61.253504,
oracle,50,150,False,complete,5.180926085954215,59.3413184,
oracle,50,200,False,complete,4.262488330262998,53.982323199999996,
oracle,50,300,False,complete,3.3289761350757017,50.0871904,
oracle,50,500,False,complete,2.573492290935808,47.6662368,
oracle,50,750,False,complete,2.186501756324918,46.853248,
oracle,50,1000,False,complete,1.9934470510006856,46.440118399999996,
oracle,50,2000,False,complete,1.6963796979666428,46.0839808,
oracle,50,5000,False,complete,1.5191531328554697,45.844448,
oracle,50,10000,False,complete,1.4588043910291635,45.8018496,
oracle,100,1,True,complete,19.230721153004794,,
fixedlat,100,1,False,failed,,,std::bad_alloc under the recorded address-space limit; measurement incomplete
fixedlat,100,33,False,complete,19.230776534675634,109.53038719999999,
fixedlat,100,36,False,complete,19.230662364070906,29.9438048,
fixedlat,100,38,False,complete,19.230541481493855,21.0757664,
fixedlat,100,41,False,complete,18.34475906076835,19.188,
fixedlat,100,44,False,complete,17.482517482517483,18.3039584,
fixedlat,100,47,False,complete,16.366612111292962,19.551958399999997,
fixedlat,100,50,False,complete,15.384584615446155,20.8,
fixedlat,100,52,False,complete,15.215520236388322,18.928,
fixedlat,100,55,False,complete,14.631489582035147,18.59,
fixedlat,100,58,False,complete,14.14661016274791,18.096166399999998,
fixedlat,100,65,False,complete,12.62326930651074,20.279459199999998,
fixedlat,100,70,False,complete,12.307720439624742,18.1999168,
fixedlat,100,80,False,complete,11.188785759752644,18.304,
fixedlat,100,90,False,complete,10.256547010370396,18.7197088,
fixedlat,100,100,False,complete,9.230750769267692,20.8,
fixedlat,100,125,False,complete,8.41031220468185,18.3530464,
fixedlat,100,150,False,complete,7.618848015832688,18.199875199999997,
fixedlat,100,200,False,complete,6.153833846178461,20.8,
fixedlat,100,300,False,complete,5.606798416414562,17.9998208,
fixedlat,100,500,False,complete,4.786448044532243,18.000111999999998,
fixedlat,100,750,False,complete,4.376221345492507,17.9997792,
fixedlat,100,1000,False,complete,4.1845125920849755,17.9312224,
fixedlat,100,2000,False,complete,3.8769207926022267,17.930889599999997,
fixedlat,100,5000,False,complete,3.6923219690480273,17.9312224,
fixedlat,100,10000,False,complete,3.6309625584650296,17.929308799999998,
fixedlat,90,1,False,failed,,,std::bad_alloc under the recorded address-space limit; measurement incomplete
fixedlat,90,33,False,complete,19.231068690931668,109.53038719999999,
fixedlat,90,36,False,complete,19.230662364070906,29.9438048,
fixedlat,90,38,False,complete,19.23084514719436,21.0757664,
fixedlat,90,41,False,complete,18.344425519694518,19.188,
fixedlat,90,44,False,complete,17.482517482517483,18.3039584,
fixedlat,90,47,False,complete,16.366612111292962,19.551958399999997,
fixedlat,90,50,False,complete,15.384892307138463,20.8,
fixedlat,90,52,False,complete,15.215520236388322,18.928,
fixedlat,90,55,False,complete,14.632178122721362,18.59,
fixedlat,90,58,False,complete,14.14661016274791,18.096166399999998,
fixedlat,90,65,False,complete,12.62326930651074,20.279459199999998,
fixedlat,90,70,False,complete,12.307368790469322,18.1999168,
fixedlat,90,80,False,complete,11.188785759752644,18.304,
fixedlat,90,90,False,complete,10.256547010370396,18.7197088,
fixedlat,90,100,False,complete,9.230750769267692,20.8,
fixedlat,90,125,False,complete,8.409963489522854,18.3530464,
fixedlat,90,150,False,complete,7.618848015832688,18.199875199999997,
fixedlat,90,200,False,complete,6.153833846178461,20.8,
fixedlat,90,300,False,complete,5.606798416414562,17.9998208,
fixedlat,90,500,False,complete,4.786448044532243,18.000111999999998,
fixedlat,90,750,False,complete,4.376221345492507,17.9997792,
fixedlat,90,1000,False,complete,4.1845125920849755,17.9312224,
fixedlat,90,2000,False,complete,3.8769207926022267,17.930889599999997,
fixedlat,90,5000,False,complete,3.6923219690480273,17.9312224,
fixedlat,90,10000,False,complete,3.6309625584650296,17.929308799999998,
fixedlat,80,1,False,pending,,,not yet evaluated
fixedlat,80,33,False,pending,,,not yet evaluated
fixedlat,80,36,False,pending,,,not yet evaluated
fixedlat,80,38,False,pending,,,not yet evaluated
fixedlat,80,41,False,pending,,,not yet evaluated
fixedlat,80,44,False,pending,,,not yet evaluated
fixedlat,80,47,False,pending,,,not yet evaluated
fixedlat,80,50,False,pending,,,not yet evaluated
fixedlat,80,52,False,pending,,,not yet evaluated
fixedlat,80,55,False,pending,,,not yet evaluated
fixedlat,80,58,False,pending,,,not yet evaluated
fixedlat,80,65,False,pending,,,not yet evaluated
fixedlat,80,70,False,pending,,,not yet evaluated
fixedlat,80,80,False,pending,,,not yet evaluated
fixedlat,80,90,False,pending,,,not yet evaluated
fixedlat,80,100,False,pending,,,not yet evaluated
fixedlat,80,125,False,pending,,,not yet evaluated
fixedlat,80,150,False,pending,,,not yet evaluated
fixedlat,80,200,False,pending,,,not yet evaluated
fixedlat,80,300,False,pending,,,not yet evaluated
fixedlat,80,500,False,pending,,,not yet evaluated
fixedlat,80,750,False,pending,,,not yet evaluated
fixedlat,80,1000,False,pending,,,not yet evaluated
fixedlat,80,2000,False,pending,,,not yet evaluated
fixedlat,80,5000,False,pending,,,not yet evaluated
fixedlat,80,10000,False,pending,,,not yet evaluated
fixedlat,70,1,False,pending,,,not yet evaluated
fixedlat,70,33,False,pending,,,not yet evaluated
fixedlat,70,36,False,pending,,,not yet evaluated
fixedlat,70,38,False,pending,,,not yet evaluated
fixedlat,70,41,False,pending,,,not yet evaluated
fixedlat,70,44,False,pending,,,not yet evaluated
fixedlat,70,47,False,pending,,,not yet evaluated
fixedlat,70,50,False,pending,,,not yet evaluated
fixedlat,70,52,False,pending,,,not yet evaluated
fixedlat,70,55,False,pending,,,not yet evaluated
fixedlat,70,58,False,pending,,,not yet evaluated
fixedlat,70,65,False,pending,,,not yet evaluated
fixedlat,70,70,False,pending,,,not yet evaluated
fixedlat,70,80,False,pending,,,not yet evaluated
fixedlat,70,90,False,pending,,,not yet evaluated
fixedlat,70,100,False,pending,,,not yet evaluated
fixedlat,70,125,False,pending,,,not yet evaluated
fixedlat,70,150,False,pending,,,not yet evaluated
fixedlat,70,200,False,pending,,,not yet evaluated
fixedlat,70,300,False,pending,,,not yet evaluated
fixedlat,70,500,False,pending,,,not yet evaluated
fixedlat,70,750,False,pending,,,not yet evaluated
fixedlat,70,1000,False,pending,,,not yet evaluated
fixedlat,70,2000,False,pending,,,not yet evaluated
fixedlat,70,5000,False,pending,,,not yet evaluated
fixedlat,70,10000,False,pending,,,not yet evaluated
fixedlat,60,1,False,pending,,,not yet evaluated
fixedlat,60,33,False,pending,,,not yet evaluated
fixedlat,60,36,False,pending,,,not yet evaluated
fixedlat,60,38,False,pending,,,not yet evaluated
fixedlat,60,41,False,pending,,,not yet evaluated
fixedlat,60,44,False,pending,,,not yet evaluated
fixedlat,60,47,False,pending,,,not yet evaluated
fixedlat,60,50,False,pending,,,not yet evaluated
fixedlat,60,52,False,pending,,,not yet evaluated
fixedlat,60,55,False,pending,,,not yet evaluated
fixedlat,60,58,False,pending,,,not yet evaluated
fixedlat,60,65,False,pending,,,not yet evaluated
fixedlat,60,70,False,pending,,,not yet evaluated
fixedlat,60,80,False,pending,,,not yet evaluated
fixedlat,60,90,False,pending,,,not yet evaluated
fixedlat,60,100,False,pending,,,not yet evaluated
fixedlat,60,125,False,pending,,,not yet evaluated
fixedlat,60,150,False,pending,,,not yet evaluated
fixedlat,60,200,False,pending,,,not yet evaluated
fixedlat,60,300,False,pending,,,not yet evaluated
fixedlat,60,500,False,pending,,,not yet evaluated
fixedlat,60,750,False,pending,,,not yet evaluated
fixedlat,60,1000,False,pending,,,not yet evaluated
fixedlat,60,2000,False,pending,,,not yet evaluated
fixedlat,60,5000,False,pending,,,not yet evaluated
fixedlat,60,10000,False,pending,,,not yet evaluated
fixedlat,50,1,False,failed,,,std::bad_alloc under the recorded address-space limit; measurement incomplete
fixedlat,50,33,False,pending,,,not yet evaluated
fixedlat,50,36,False,pending,,,not yet evaluated
fixedlat,50,38,False,pending,,,not yet evaluated
fixedlat,50,41,False,pending,,,not yet evaluated
fixedlat,50,44,False,pending,,,not yet evaluated
fixedlat,50,47,False,pending,,,not yet evaluated
fixedlat,50,50,False,pending,,,not yet evaluated
fixedlat,50,52,False,pending,,,not yet evaluated
fixedlat,50,55,False,pending,,,not yet evaluated
fixedlat,50,58,False,pending,,,not yet evaluated
fixedlat,50,65,False,pending,,,not yet evaluated
fixedlat,50,70,False,pending,,,not yet evaluated
fixedlat,50,80,False,pending,,,not yet evaluated
fixedlat,50,90,False,pending,,,not yet evaluated
fixedlat,50,100,False,pending,,,not yet evaluated
fixedlat,50,125,False,pending,,,not yet evaluated
fixedlat,50,150,False,pending,,,not yet evaluated
fixedlat,50,200,False,pending,,,not yet evaluated
fixedlat,50,300,False,pending,,,not yet evaluated
fixedlat,50,500,False,pending,,,not yet evaluated
fixedlat,50,750,False,pending,,,not yet evaluated
fixedlat,50,1000,False,pending,,,not yet evaluated
fixedlat,50,2000,False,pending,,,not yet evaluated
fixedlat,50,5000,False,pending,,,not yet evaluated
fixedlat,50,10000,False,complete,3.6309625584650296,17.929308799999998,
fixedlat,100,1,True,complete,19.24923076923077,,
md1,100,1,False,complete,615.6834362523272,180.0784128,
md1,100,33,False,complete,19.008259960401812,176.8015808,
md1,100,36,False,complete,17.669575017106787,110.8986528,
md1,100,38,False,complete,16.99090665685637,80.20737919999999,
md1,100,41,False,complete,16.079269737449785,59.761478399999994,
md1,100,44,False,complete,15.273598391129775,49.670192,
md1,100,47,False,complete,14.568078788499848,43.374572799999996,
md1,100,50,False,complete,13.932575904188122,39.3699072,
md1,100,52,False,complete,13.545761823907153,37.381510399999996,
md1,100,55,False,complete,13.017458804143988,34.987555199999996,
md1,100,58,False,complete,12.538883764998953,33.172672,
md1,100,65,False,complete,11.58425740197081,30.228015999999997,
md1,100,70,False,complete,11.0200599598618,28.710364799999997,
md1,100,80,False,complete,10.083356399873978,26.7631104,
md1,100,90,False,complete,9.351235711574285,25.458326399999997,
md1,100,100,False,complete,8.751105186767473,24.6401376,
md1,100,125,False,complete,7.697259794933015,23.0689472,
md1,100,150,False,complete,6.975364142364771,22.276300799999998,
md1,100,200,False,complete,6.056501121309409,21.4777056,
md1,100,300,False,complete,5.146021891716273,20.6786112,
md1,100,500,False,complete,4.389413225539587,20.261072,
md1,100,750,False,complete,4.039882450977915,19.8801408,
md1,100,1000,False,complete,3.837663298051105,19.8620448,
md1,100,2000,False,complete,3.591318643087713,19.4905152,
md1,100,5000,False,complete,3.4100823727994083,19.4716288,
md1,100,10000,False,complete,3.348290036791091,19.4716288,
md1,90,1,False,complete,615.6892648230104,180.0784128,
md1,90,33,False,complete,19.00854955050458,176.8015808,
md1,90,36,False,complete,17.669805858417753,110.8986528,
md1,90,38,False,complete,16.99090665685637,80.20737919999999,
md1,90,41,False,complete,16.079162645126832,59.761478399999994,
md1,90,44,False,complete,15.273856090743251,49.670192,
md1,90,47,False,complete,14.568078788499848,43.374572799999996,
md1,90,50,False,complete,13.932901025261177,39.3699072,
md1,90,52,False,complete,13.545933031351936,37.381510399999996,
md1,90,55,False,complete,13.017641726110208,34.987555199999996,
md1,90,58,False,complete,12.539076694648218,33.172672,
md1,90,65,False,complete,11.58425740197081,30.228015999999997,
md1,90,70,False,complete,11.019837044173642,28.710364799999997,
md1,90,80,False,complete,10.083356399873978,26.7631104,
md1,90,90,False,complete,9.351235711574285,25.458326399999997,
md1,90,100,False,complete,8.751105186767473,24.6401376,
md1,90,125,False,complete,7.69698236621451,23.0689472,
md1,90,150,False,complete,6.975364142364771,22.276300799999998,
md1,90,200,False,complete,6.056501121309409,21.4777056,
md1,90,300,False,complete,5.146331389634822,20.6786112,
md1,90,500,False,complete,4.389413225539587,20.261072,
md1,90,750,False,complete,4.039882450977915,19.8801408,
md1,90,1000,False,complete,3.837663298051105,19.8620448,
md1,90,2000,False,complete,3.591318643087713,19.4905152,
md1,90,5000,False,complete,3.4100823727994083,19.4716288,
md1,90,10000,False,complete,3.348290036791091,19.4716288,
md1,80,1,False,complete,615.6948801533027,180.0784128,
md1,80,33,False,complete,19.008802941844497,176.8015808,
md1,80,36,False,complete,17.669863568745495,110.8986528,
md1,80,38,False,complete,16.99090665685637,80.20737919999999,
md1,80,41,False,complete,16.079376829772738,59.761478399999994,
md1,80,44,False,complete,15.274371489970203,49.670192,
md1,80,47,False,complete,14.568226340243847,43.374572799999996,
md1,80,50,False,complete,13.932575904188122,39.3699072,
md1,80,52,False,complete,13.545590616462368,37.381510399999996,
md1,80,55,False,complete,13.017641726110208,34.987555199999996,
md1,80,58,False,complete,12.539076694648218,33.172672,
md1,80,65,False,complete,11.58425740197081,30.228015999999997,
md1,80,70,False,complete,11.0200599598618,28.710364799999997,
md1,80,80,False,complete,10.083117265111376,26.7631104,
md1,80,90,False,complete,9.351487102393994,25.458326399999997,
md1,80,100,False,complete,8.751364925138207,24.6401376,
md1,80,125,False,complete,7.69698236621451,23.0689472,
md1,80,150,False,complete,6.975364142364771,22.276300799999998,
md1,80,200,False,complete,6.056501121309409,21.4777056,
md1,80,300,False,complete,5.146331389634822,20.6786112,
md1,80,500,False,complete,4.389413225539587,20.261072,
md1,80,750,False,complete,4.039882450977915,19.8801408,
md1,80,1000,False,complete,3.837663298051105,19.8620448,
md1,80,2000,False,complete,3.591318643087713,19.4905152,
md1,80,5000,False,complete,3.4100823727994083,19.4716288,
md1,80,10000,False,complete,3.348290036791091,19.4716288,
md1,70,1,False,complete,615.7007798041163,180.0784128,
md1,70,33,False,complete,19.009020134421572,176.8015808,
md1,70,36,False,complete,17.66992127907324,110.8986528,
md1,70,38,False,complete,16.99090665685637,80.20737919999999,
md1,70,41,False,complete,16.07980519906455,59.761478399999994,
md1,70,44,False,complete,15.27462918958368,49.670192,
md1,70,47,False,complete,14.568373891987845,43.374572799999996,
md1,70,50,False,complete,13.93273846472465,39.3699072,
md1,70,52,False,complete,13.545590616462368,37.381510399999996,
md1,70,55,False,complete,13.017641726110208,34.987555199999996,
md1,70,58,False,complete,12.539076694648218,33.172672,
md1,70,65,False,complete,11.58425740197081,30.228015999999997,
md1,70,70,False,complete,11.0200599598618,28.710364799999997,
md1,70,80,False,complete,10.083356399873978,26.7631104,
md1,70,90,False,complete,9.351487102393994,25.458326399999997,
md1,70,100,False,complete,8.751364925138207,24.6401376,
md1,70,125,False,complete,7.69698236621451,23.0689472,
md1,70,150,False,complete,6.975364142364771,22.276300799999998,
md1,70,200,False,complete,6.056501121309409,21.4777056,
md1,70,300,False,complete,5.146331389634822,20.6786112,
md1,70,500,False,complete,4.389413225539587,20.261072,
md1,70,750,False,complete,4.039882450977915,19.8801408,
md1,70,1000,False,complete,3.837663298051105,19.8620448,
md1,70,2000,False,complete,3.591318643087713,19.4905152,
md1,70,5000,False,complete,3.4100823727994083,19.4716288,
md1,70,10000,False,complete,3.348290036791091,19.4716288,
md1,60,1,False,complete,615.706466214539,180.0784128,
md1,60,33,False,complete,19.009092531947264,176.8015808,
md1,60,36,False,complete,17.66997898940098,110.8986528,
md1,60,38,False,complete,16.991225829318775,80.20737919999999,
md1,60,41,False,complete,16.07980519906455,59.761478399999994,
md1,60,44,False,complete,15.27462918958368,49.670192,
md1,60,47,False,complete,14.568226340243847,43.374572799999996,
md1,60,50,False,complete,13.93273846472465,39.3699072,
md1,60,52,False,complete,13.545590616462368,37.381510399999996,
md1,60,55,False,complete,13.017824648076429,34.987555199999996,
md1,60,58,False,complete,12.539076694648218,33.172672,
md1,60,65,False,complete,11.584469125796558,30.228015999999997,
md1,60,70,False,complete,11.02028287554996,28.710364799999997,
md1,60,80,False,complete,10.083117265111376,26.7631104,
md1,60,90,False,complete,9.351487102393994,25.458326399999997,
md1,60,100,False,complete,8.751105186767473,24.6401376,
md1,60,125,False,complete,7.69698236621451,23.0689472,
md1,60,150,False,complete,6.975651442671307,22.276300799999998,
md1,60,200,False,complete,6.056501121309409,21.4777056,
md1,60,300,False,complete,5.146331389634822,20.6786112,
md1,60,500,False,complete,4.389413225539587,20.261072,
md1,60,750,False,complete,4.039882450977915,19.8801408,
md1,60,1000,False,complete,3.837663298051105,19.8620448,
md1,60,2000,False,complete,3.591318643087713,19.4905152,
md1,60,5000,False,complete,3.4100823727994083,19.4716288,
md1,60,10000,False,complete,3.348290036791091,19.4716288,
md1,50,1,False,complete,615.7121881650268,180.0784128,
md1,50,33,False,complete,19.00930972452434,176.8015808,
md1,50,36,False,complete,17.66992127907324,110.8986528,
md1,50,38,False,complete,16.99146520866558,80.20737919999999,
md1,50,41,False,complete,16.080019383710457,59.761478399999994,
md1,50,44,False,complete,15.274758039390418,49.670192,
md1,50,47,False,complete,14.568078788499848,43.374572799999996,
md1,50,50,False,complete,13.93273846472465,39.3699072,
md1,50,52,False,complete,13.545761823907153,37.381510399999996,
md1,50,55,False,complete,13.017824648076429,34.987555199999996,
md1,50,58,False,complete,12.539269624297482,33.172672,
md1,50,65,False,complete,11.584469125796558,30.228015999999997,
md1,50,70,False,complete,11.02028287554996,28.710364799999997,
md1,50,80,False,complete,10.083356399873978,26.7631104,
md1,50,90,False,complete,9.351738493213706,25.458326399999997,
md1,50,100,False,complete,8.751364925138207,24.6401376,
md1,50,125,False,complete,7.697259794933015,23.0689472,
md1,50,150,False,complete,6.975651442671307,22.276300799999998,
md1,50,200,False,complete,6.056501121309409,21.4777056,
md1,50,300,False,complete,5.146331389634822,20.6786112,
md1,50,500,False,complete,4.389729101563302,20.261072,
md1,50,750,False,complete,4.039882450977915,19.8801408,
md1,50,1000,False,complete,3.837663298051105,19.8620448,
md1,50,2000,False,complete,3.591318643087713,19.4905152,
md1,50,5000,False,complete,3.4100823727994083,19.4716288,
md1,50,10000,False,complete,3.348290036791091,19.4716288,
md1,100,1,True,complete,1230.7692307692307,,
wmg1,100,1,False,complete,615.3372457177716,5339.991072,
wmg1,100,33,False,complete,19.03713791647684,163.7627264,
wmg1,100,36,False,complete,18.359201386327463,50.5360128,
wmg1,100,38,False,complete,17.864591480264874,38.2965856,
wmg1,100,41,False,complete,17.115009697318957,30.385264,
wmg1,100,44,False,complete,16.378695132125163,26.7426016,
wmg1,100,47,False,complete,15.681376828146911,24.7255424,
wmg1,100,50,False,complete,15.029570931922956,23.5111552,
wmg1,100,52,False,complete,14.651719482205609,22.7148896,
wmg1,100,55,False,complete,14.108796358824357,21.916044799999998,
wmg1,100,58,False,complete,13.585829217091744,21.505660799999998,
wmg1,100,65,False,complete,12.559336666163693,20.698121599999997,
wmg1,100,70,False,complete,11.94446748121172,20.296015999999998,
wmg1,100,80,False,complete,10.909477556347806,19.89312,
wmg1,100,90,False,complete,10.120878604943295,19.4929696,
wmg1,100,100,False,complete,9.505245296058177,19.0957728,
wmg1,100,125,False,complete,8.276017922039864,19.087785599999997,
wmg1,100,150,False,complete,7.526780834770365,18.6903392,
wmg1,100,200,False,complete,6.501935886932148,18.6853472,
wmg1,100,300,False,complete,5.550471637863309,18.288566399999997,
wmg1,100,500,False,complete,4.730933205187122,18.285737599999997,
wmg1,100,750,False,complete,4.320817174898237,18.2839072,
wmg1,100,1000,False,complete,4.1159314867883605,18.2828672,
wmg1,100,2000,False,complete,3.848880534912594,18.0731616,
wmg1,100,5000,False,complete,3.700885847671553,17.887999999999998,
wmg1,100,10000,False,complete,3.63934752924546,17.887999999999998,
wmg1,90,1,False,complete,615.3432058775028,5339.991072,
wmg1,90,33,False,complete,19.03729424016575,163.7627264,
wmg1,90,36,False,complete,18.359328028584677,50.5360128,
wmg1,90,38,False,complete,17.864758596809278,38.2965856,
wmg1,90,41,False,complete,17.114799069192184,30.385264,
wmg1,90,44,False,complete,16.378695132125163,26.7426016,
wmg1,90,47,False,complete,15.681635669353655,24.7255424,
wmg1,90,50,False,complete,15.029570931922956,23.5111552,
wmg1,90,52,False,complete,14.652001235205152,22.7148896,
wmg1,90,55,False,complete,14.109088381765094,21.916044799999998,
wmg1,90,58,False,complete,13.585829217091744,21.505660799999998,
wmg1,90,65,False,complete,12.559645872344847,20.698121599999997,
wmg1,90,70,False,complete,11.944152149036077,20.296015999999998,
wmg1,90,80,False,complete,10.909477556347806,19.89312,
wmg1,90,90,False,complete,10.120878604943295,19.4929696,
wmg1,90,100,False,complete,9.50558044803787,19.0957728,
wmg1,90,125,False,complete,8.275682629817604,19.087785599999997,
wmg1,90,150,False,complete,7.526780834770365,18.6903392,
wmg1,90,200,False,complete,6.501935886932148,18.6853472,
wmg1,90,300,False,complete,5.550471637863309,18.288566399999997,
wmg1,90,500,False,complete,4.730933205187122,18.285737599999997,
wmg1,90,750,False,complete,4.320817174898237,18.2839072,
wmg1,90,1000,False,complete,4.1159314867883605,18.2828672,
wmg1,90,2000,False,complete,3.848880534912594,18.0731616,
wmg1,90,5000,False,complete,3.700885847671553,17.887999999999998,
wmg1,90,10000,False,complete,3.63934752924546,17.887999999999998,
wmg1,80,1,False,complete,615.3490342018085,5339.991072,
wmg1,80,33,False,complete,19.037450563854662,163.7627264,
wmg1,80,36,False,complete,18.359328028584677,50.5360128,
wmg1,80,38,False,complete,17.864758596809278,38.2965856,
wmg1,80,41,False,complete,17.115009697318957,30.385264,
wmg1,80,44,False,complete,16.378695132125163,26.7426016,
wmg1,80,47,False,complete,15.681635669353655,24.7255424,
wmg1,80,50,False,complete,15.02929872119483,23.5111552,
wmg1,80,52,False,complete,14.651719482205609,22.7148896,
wmg1,80,55,False,complete,14.108796358824357,21.916044799999998,
wmg1,80,58,False,complete,13.585829217091744,21.505660799999998,
wmg1,80,65,False,complete,12.559336666163693,20.698121599999997,
wmg1,80,70,False,complete,11.944152149036077,20.296015999999998,
wmg1,80,80,False,complete,10.90915583775281,19.89312,
wmg1,80,90,False,complete,10.120878604943295,19.4929696,
wmg1,80,100,False,complete,9.50558044803787,19.0957728,
wmg1,80,125,False,complete,8.275682629817604,19.087785599999997,
wmg1,80,150,False,complete,7.526780834770365,18.6903392,
wmg1,80,200,False,complete,6.501935886932148,18.6853472,
wmg1,80,300,False,complete,5.550471637863309,18.288566399999997,
wmg1,80,500,False,complete,4.730933205187122,18.285737599999997,
wmg1,80,750,False,complete,4.320817174898237,18.2839072,
wmg1,80,1000,False,complete,4.1159314867883605,18.2828672,
wmg1,80,2000,False,complete,3.848880534912594,18.0731616,
wmg1,80,5000,False,complete,3.700885847671553,17.887999999999998,
wmg1,80,10000,False,complete,3.63934752924546,17.887999999999998,
wmg1,70,1,False,complete,615.354928443827,5339.991072,
wmg1,70,33,False,complete,19.037567806621343,163.7627264,
wmg1,70,36,False,complete,18.35945467084189,50.5360128,
wmg1,70,38,False,complete,17.864758596809278,38.2965856,
wmg1,70,41,False,complete,17.115009697318957,30.385264,
wmg1,70,44,False,complete,16.378934450279022,26.7426016,
wmg1,70,47,False,complete,15.681635669353655,24.7255424,
wmg1,70,50,False,complete,15.029570931922956,23.5111552,
wmg1,70,52,False,complete,14.651719482205609,22.7148896,
wmg1,70,55,False,complete,14.108796358824357,21.916044799999998,
wmg1,70,58,False,complete,13.58612681257972,21.505660799999998,
wmg1,70,65,False,complete,12.559645872344847,20.698121599999997,
wmg1,70,70,False,complete,11.94446748121172,20.296015999999998,
wmg1,70,80,False,complete,10.90915583775281,19.89312,
wmg1,70,90,False,complete,10.120878604943295,19.4929696,
wmg1,70,100,False,complete,9.505915600017563,19.0957728,
wmg1,70,125,False,complete,8.275682629817604,19.087785599999997,
wmg1,70,150,False,complete,7.526780834770365,18.6903392,
wmg1,70,200,False,complete,6.501935886932148,18.6853472,
wmg1,70,300,False,complete,5.550471637863309,18.288566399999997,
wmg1,70,500,False,complete,4.730933205187122,18.285737599999997,
wmg1,70,750,False,complete,4.320817174898237,18.2839072,
wmg1,70,1000,False,complete,4.1159314867883605,18.2828672,
wmg1,70,2000,False,complete,3.848880534912594,18.0731616,
wmg1,70,5000,False,complete,3.7012436285926347,17.887999999999998,
wmg1,70,10000,False,complete,3.63934752924546,17.887999999999998,
wmg1,60,1,False,complete,615.3609149706432,5339.991072,
wmg1,60,33,False,complete,19.037724130310256,163.7627264,
wmg1,60,36,False,complete,18.359834597613542,50.5360128,
wmg1,60,38,False,complete,17.864758596809278,38.2965856,
wmg1,60,41,False,complete,17.115009697318957,30.385264,
wmg1,60,44,False,complete,16.378695132125163,26.7426016,
wmg1,60,47,False,complete,15.681635669353655,24.7255424,
wmg1,60,50,False,complete,15.029570931922956,23.5111552,
wmg1,60,52,False,complete,14.651719482205609,22.7148896,
wmg1,60,55,False,complete,14.109380404705833,21.916044799999998,
wmg1,60,58,False,complete,13.58612681257972,21.505660799999998,
wmg1,60,65,False,complete,12.559645872344847,20.698121599999997,
wmg1,60,70,False,complete,11.944782813387365,20.296015999999998,
wmg1,60,80,False,complete,10.908834119157813,19.89312,
wmg1,60,90,False,complete,10.12120692774239,19.4929696,
wmg1,60,100,False,complete,9.50558044803787,19.0957728,
wmg1,60,125,False,complete,8.275682629817604,19.087785599999997,
wmg1,60,150,False,complete,7.527123256900149,18.6903392,
wmg1,60,200,False,complete,6.502278400543639,18.6853472,
wmg1,60,300,False,complete,5.550471637863309,18.288566399999997,
wmg1,60,500,False,complete,4.730933205187122,18.285737599999997,
wmg1,60,750,False,complete,4.320817174898237,18.2839072,
wmg1,60,1000,False,complete,4.1159314867883605,18.2828672,
wmg1,60,2000,False,complete,3.848880534912594,18.0731616,
wmg1,60,5000,False,complete,3.7012436285926347,17.887999999999998,
wmg1,60,10000,False,complete,3.63934752924546,17.887999999999998,
wmg1,50,1,False,complete,615.3668895124208,5339.991072,
wmg1,50,33,False,complete,19.03795861584362,163.7627264,
wmg1,50,36,False,complete,18.359707955356324,50.5360128,
wmg1,50,38,False,complete,17.864758596809278,38.2965856,
wmg1,50,41,False,complete,17.115009697318957,30.385264,
wmg1,50,44,False,complete,16.379173768432885,26.7426016,
wmg1,50,47,False,complete,15.681376828146911,24.7255424,
wmg1,50,50,False,complete,15.029570931922956,23.5111552,
wmg1,50,52,False,complete,14.651719482205609,22.7148896,
wmg1,50,55,False,complete,14.10967242764657,21.916044799999998,
wmg1,50,58,False,complete,13.58612681257972,21.505660799999998,
wmg1,50,65,False,complete,12.559955078526002,20.698121599999997,
wmg1,50,70,False,complete,11.944782813387365,20.296015999999998,
wmg1,50,80,False,complete,10.908834119157813,19.89312,
wmg1,50,90,False,complete,10.12120692774239,19.4929696,
wmg1,50,100,False,complete,9.50558044803787,19.0957728,
wmg1,50,125,False,complete,8.275682629817604,19.087785599999997,
wmg1,50,150,False,complete,7.527123256900149,18.6903392,
wmg1,50,200,False,complete,6.502278400543639,18.6853472,
wmg1,50,300,False,complete,5.550821582484573,18.288566399999997,
wmg1,50,500,False,complete,4.730933205187122,18.285737599999997,
wmg1,50,750,False,complete,4.320817174898237,18.2839072,
wmg1,50,1000,False,complete,4.1159314867883605,18.2828672,
wmg1,50,2000,False,complete,3.848880534912594,18.0731616,
wmg1,50,5000,False,complete,3.7012436285926347,17.887999999999998,
wmg1,50,10000,False,complete,3.63934752924546,17.887999999999998,
wmg1,100,1,True,complete,595.9630769230769,,
mess,100,1,False,failed,,,std::bad_alloc under the recorded address-space limit; measurement incomplete
mess,100,33,False,complete,18.629010692000815,15642.2461312,
mess,100,36,False,complete,18.11596741517311,62.5696448,
mess,100,38,False,complete,17.400898473030416,53.0179104,
mess,100,41,False,complete,16.337664640770036,48.1787904,
mess,100,44,False,complete,15.318606668346316,48.0227072,
mess,100,47,False,complete,14.4324183591965,47.78704319999999,
mess,100,50,False,complete,13.65459510369992,47.5118176,
mess,100,52,False,complete,13.185057106384704,47.378198399999995,
mess,100,55,False,complete,12.540742066687471,47.3377632,
mess,100,58,False,complete,11.96006409120185,47.4084,
mess,100,65,False,complete,10.824880990721908,47.1458624,
mess,100,70,False,complete,10.153911294562025,46.9629056,
mess,100,80,False,complete,9.059595078367078,46.8032864,
mess,100,90,False,complete,8.208363190120137,46.689510399999996,
mess,100,100,False,complete,7.52877585000362,46.5464896,
mess,100,125,False,complete,6.305245013461777,46.303504,
mess,100,150,False,complete,5.489650588234316,46.1388512,
mess,100,200,False,complete,4.470017117791805,45.942332799999996,
mess,100,300,False,complete,3.44947787321442,45.7715232,
mess,100,500,False,complete,2.6293682390358666,45.76,
mess,100,750,False,complete,2.219018961731014,45.76,
mess,100,1000,False,complete,2.0139841830913023,45.76,
mess,100,2000,False,complete,1.70629215511902,45.76,
mess,100,5000,False,complete,1.5216769383356505,45.76,
mess,100,10000,False,complete,1.4601385327411942,45.76,
mess,90,1,False,pending,,,not yet evaluated
mess,90,33,False,complete,18.625818497814397,108178.24264,
mess,90,36,False,complete,17.70775254186743,104.0418912,
mess,90,38,False,complete,17.083172555888495,71.9337632,
mess,90,41,False,complete,16.17721933662968,54.7800032,
mess,90,44,False,complete,15.180758932816731,53.5717728,
mess,90,47,False,complete,14.310499906790827,52.5613088,
mess,90,50,False,complete,13.544008569312014,51.7627136,
mess,90,52,False,complete,13.081484442252274,51.3179264,
mess,90,55,False,complete,12.446947129067764,50.865443199999994,
mess,90,58,False,complete,11.875235254486046,50.5834784,
mess,90,65,False,complete,10.752948827365186,49.7669952,
mess,90,70,False,complete,10.0910732033833,49.222076799999996,
mess,90,80,False,complete,9.013845452148198,48.431052799999996,
mess,90,90,False,complete,8.174081007310669,47.8843872,
mess,90,100,False,complete,7.502798320757951,47.436979199999996,
mess,90,125,False,complete,6.291875078840085,46.7528256,
mess,90,150,False,complete,5.482249850101199,46.3832512,
mess,90,200,False,complete,4.467911136434391,46.0083936,
mess,90,300,False,complete,3.44947787321442,45.7715232,
mess,90,500,False,complete,2.6293682390358666,45.76,
mess,90,750,False,complete,2.219018961731014,45.76,
mess,90,1000,False,complete,2.0139841830913023,45.76,
mess,90,2000,False,complete,1.70629215511902,45.76,
mess,90,5000,False,complete,1.5216769383356505,45.76,
mess,90,10000,False,pending,,,not yet evaluated
mess,80,1,False,pending,,,not yet evaluated
mess,80,33,False,pending,,,not yet evaluated
mess,80,36,False,pending,,,not yet evaluated
mess,80,38,False,pending,,,not yet evaluated
mess,80,41,False,pending,,,not yet evaluated
mess,80,44,False,pending,,,not yet evaluated
mess,80,47,False,pending,,,not yet evaluated
mess,80,50,False,pending,,,not yet evaluated
mess,80,52,False,pending,,,not yet evaluated
mess,80,55,False,pending,,,not yet evaluated
mess,80,58,False,pending,,,not yet evaluated
mess,80,65,False,pending,,,not yet evaluated
mess,80,70,False,pending,,,not yet evaluated
mess,80,80,False,pending,,,not yet evaluated
mess,80,90,False,pending,,,not yet evaluated
mess,80,100,False,pending,,,not yet evaluated
mess,80,125,False,pending,,,not yet evaluated
mess,80,150,False,pending,,,not yet evaluated
mess,80,200,False,pending,,,not yet evaluated
mess,80,300,False,pending,,,not yet evaluated
mess,80,500,False,pending,,,not yet evaluated
mess,80,750,False,pending,,,not yet evaluated
mess,80,1000,False,pending,,,not yet evaluated
mess,80,2000,False,pending,,,not yet evaluated
mess,80,5000,False,pending,,,not yet evaluated
mess,80,10000,False,pending,,,not yet evaluated
mess,70,1,False,pending,,,not yet evaluated
mess,70,33,False,pending,,,not yet evaluated
mess,70,36,False,pending,,,not yet evaluated
mess,70,38,False,pending,,,not yet evaluated
mess,70,41,False,pending,,,not yet evaluated
mess,70,44,False,pending,,,not yet evaluated
mess,70,47,False,pending,,,not yet evaluated
mess,70,50,False,pending,,,not yet evaluated
mess,70,52,False,pending,,,not yet evaluated
mess,70,55,False,pending,,,not yet evaluated
mess,70,58,False,pending,,,not yet evaluated
mess,70,65,False,pending,,,not yet evaluated
mess,70,70,False,pending,,,not yet evaluated
mess,70,80,False,pending,,,not yet evaluated
mess,70,90,False,pending,,,not yet evaluated
mess,70,100,False,pending,,,not yet evaluated
mess,70,125,False,pending,,,not yet evaluated
mess,70,150,False,pending,,,not yet evaluated
mess,70,200,False,pending,,,not yet evaluated
mess,70,300,False,pending,,,not yet evaluated
mess,70,500,False,pending,,,not yet evaluated
mess,70,750,False,pending,,,not yet evaluated
mess,70,1000,False,pending,,,not yet evaluated
mess,70,2000,False,pending,,,not yet evaluated
mess,70,5000,False,pending,,,not yet evaluated
mess,70,10000,False,pending,,,not yet evaluated
mess,60,1,False,pending,,,not yet evaluated
mess,60,33,False,pending,,,not yet evaluated
mess,60,36,False,pending,,,not yet evaluated
mess,60,38,False,pending,,,not yet evaluated
mess,60,41,False,pending,,,not yet evaluated
mess,60,44,False,pending,,,not yet evaluated
mess,60,47,False,pending,,,not yet evaluated
mess,60,50,False,pending,,,not yet evaluated
mess,60,52,False,pending,,,not yet evaluated
mess,60,55,False,pending,,,not yet evaluated
mess,60,58,False,pending,,,not yet evaluated
mess,60,65,False,pending,,,not yet evaluated
mess,60,70,False,pending,,,not yet evaluated
mess,60,80,False,pending,,,not yet evaluated
mess,60,90,False,pending,,,not yet evaluated
mess,60,100,False,pending,,,not yet evaluated
mess,60,125,False,pending,,,not yet evaluated
mess,60,150,False,pending,,,not yet evaluated
mess,60,200,False,pending,,,not yet evaluated
mess,60,300,False,pending,,,not yet evaluated
mess,60,500,False,pending,,,not yet evaluated
mess,60,750,False,pending,,,not yet evaluated
mess,60,1000,False,pending,,,not yet evaluated
mess,60,2000,False,pending,,,not yet evaluated
mess,60,5000,False,pending,,,not yet evaluated
mess,60,10000,False,pending,,,not yet evaluated
mess,50,1,False,failed,,,std::bad_alloc under the recorded address-space limit; measurement incomplete
mess,50,33,False,pending,,,not yet evaluated
mess,50,36,False,pending,,,not yet evaluated
mess,50,38,False,pending,,,not yet evaluated
mess,50,41,False,pending,,,not yet evaluated
mess,50,44,False,pending,,,not yet evaluated
mess,50,47,False,pending,,,not yet evaluated
mess,50,50,False,pending,,,not yet evaluated
mess,50,52,False,pending,,,not yet evaluated
mess,50,55,False,pending,,,not yet evaluated
mess,50,58,False,pending,,,not yet evaluated
mess,50,65,False,pending,,,not yet evaluated
mess,50,70,False,pending,,,not yet evaluated
mess,50,80,False,pending,,,not yet evaluated
mess,50,90,False,pending,,,not yet evaluated
mess,50,100,False,pending,,,not yet evaluated
mess,50,125,False,pending,,,not yet evaluated
mess,50,150,False,pending,,,not yet evaluated
mess,50,200,False,pending,,,not yet evaluated
mess,50,300,False,pending,,,not yet evaluated
mess,50,500,False,pending,,,not yet evaluated
mess,50,750,False,pending,,,not yet evaluated
mess,50,1000,False,pending,,,not yet evaluated
mess,50,2000,False,pending,,,not yet evaluated
mess,50,5000,False,pending,,,not yet evaluated
mess,50,10000,False,complete,1.4601385327411942,45.76,
mess,100,1,True,complete,1113.2553846153846,,
astra_single_core,100,1,False,complete,19.230787331110605,218.3920128,
astra_single_core,100,33,False,complete,19.230776528821544,109.6182464,
astra_single_core,100,36,False,complete,18.442853753310324,47.446672,
astra_single_core,100,38,False,complete,17.550511155280713,47.189376,
astra_single_core,100,41,False,complete,16.3668547467266,47.1418688,
astra_single_core,100,44,False,complete,15.349717884600555,46.930540799999996,
astra_single_core,100,47,False,complete,14.452705519990287,47.0760992,
astra_single_core,100,50,False,complete,13.670085391375093,46.979504,
astra_single_core,100,52,False,complete,13.197749832813866,46.93208,
astra_single_core,100,55,False,complete,12.551708936341566,46.9496768,
astra_single_core,100,58,False,complete,11.971962983466355,46.9833312,
astra_single_core,100,65,False,complete,10.832886076635571,46.869388799999996,
astra_single_core,100,70,False,complete,10.155325857007822,46.9109888,
astra_single_core,100,80,False,complete,9.059553486599143,46.8098592,
astra_single_core,100,90,False,complete,8.204040545649793,46.8381472,
astra_single_core,100,100,False,complete,7.524866020611285,46.6769888,
astra_single_core,100,125,False,complete,6.294101380959569,46.68239679999999,
astra_single_core,100,150,False,complete,5.476419810126417,46.5845536,
astra_single_core,100,200,False,complete,4.453159524733911,46.5028512,
astra_single_core,100,300,False,complete,3.4266621467518408,46.5282688,
astra_single_core,100,500,False,complete,2.6143557532845136,46.2553312,
astra_single_core,100,750,False,complete,2.20594531428174,46.190768,
astra_single_core,100,1000,False,complete,2.0031187534811545,46.116844799999996,
astra_single_core,100,2000,False,complete,1.7017482336886345,45.908511999999995,
astra_single_core,100,5000,False,complete,1.5204193959738859,45.8020576,
astra_single_core,100,10000,False,complete,1.4595984817938856,45.7769312,
astra_single_core,90,1,False,complete,18.510883763839495,250.867968,
astra_single_core,90,33,False,complete,18.513905359749128,237.8624768,
astra_single_core,90,36,False,complete,18.262167807100397,54.7758432,
astra_single_core,90,38,False,complete,17.40465012563932,52.8674848,
astra_single_core,90,41,False,complete,16.24121382209151,51.93972159999999,
astra_single_core,90,44,False,complete,15.234749420986606,51.2457504,
astra_single_core,90,47,False,complete,14.356592207154215,50.6522016,
astra_single_core,90,50,False,complete,13.584110093875282,50.1192224,
astra_single_core,90,52,False,complete,13.120946407312253,49.71832319999999,
astra_single_core,90,55,False,complete,12.481710837261087,49.4762528,
astra_single_core,90,58,False,complete,11.911341076167203,49.159427199999996,
astra_single_core,90,65,False,complete,10.78395418106899,48.5930432,
astra_single_core,90,70,False,complete,10.110856014385117,48.501648,
astra_single_core,90,80,False,complete,9.021597324465596,48.1269568,
astra_single_core,90,90,False,complete,8.180736329412309,47.6381152,
astra_single_core,90,100,False,complete,7.500527708146346,47.5110688,
astra_single_core,90,125,False,complete,6.2795428154253505,47.1809728,
astra_single_core,90,150,False,complete,5.464647594178034,46.98824,
astra_single_core,90,200,False,complete,4.442194333406653,46.8740896,
astra_single_core,90,300,False,complete,3.424709511246814,46.5959104,
astra_single_core,90,500,False,complete,2.612397912402942,46.3193952,
astra_single_core,90,750,False,complete,2.205214567377406,46.217683199999996,
astra_single_core,90,1000,False,complete,2.0032958477550675,46.112767999999996,
astra_single_core,90,2000,False,complete,1.7002075509324195,45.957641599999995,
astra_single_core,90,5000,False,complete,1.52000799048406,45.814454399999995,
astra_single_core,90,10000,False,complete,1.4598041051956652,45.770483199999994,
astra_single_core,80,1,False,complete,17.842591967654528,291.40770879999997,
astra_single_core,80,33,False,complete,17.843510161112476,276.8551968,
astra_single_core,80,36,False,complete,17.883264375645524,81.04753279999998,
astra_single_core,80,38,False,complete,17.346196559850934,55.551225599999995,
astra_single_core,80,41,False,complete,16.203295777687554,53.5862912,
astra_single_core,80,44,False,complete,15.203048837895594,52.5805696,
astra_single_core,80,47,False,complete,14.323643067000917,52.0144352,
astra_single_core,80,50,False,complete,13.550438738813336,51.4769632,
astra_single_core,80,52,False,complete,13.094131862675365,50.770303999999996,
astra_single_core,80,55,False,complete,12.451123143945534,50.676704,
astra_single_core,80,58,False,complete,11.880962779730538,50.3355424,
astra_single_core,80,65,False,complete,10.756223554920151,49.636412799999995,
astra_single_core,80,70,False,complete,10.088195814480784,49.328739199999994,
astra_single_core,80,80,False,complete,9.006599597754832,48.673955199999995,
astra_single_core,80,90,False,complete,8.16296286084535,48.2812512,
astra_single_core,80,100,False,complete,7.483467812702357,48.1179712,
astra_single_core,80,125,False,complete,6.2637223788685334,47.7394944,
astra_single_core,80,150,False,complete,5.45545581432537,47.306729600000004,
astra_single_core,80,200,False,complete,4.4392715311276945,46.975593599999996,
astra_single_core,80,300,False,complete,3.4191742982717264,46.7836512,
astra_single_core,80,500,False,complete,2.6084375991958524,46.4535136,
astra_single_core,80,750,False,complete,2.2021031342250117,46.320767999999994,
astra_single_core,80,1000,False,complete,2.0024516022178998,46.1386016,
astra_single_core,80,2000,False,complete,1.6988422037702167,46.002112,
astra_single_core,80,5000,False,complete,1.5195543832064247,45.8323424,
astra_single_core,80,10000,False,complete,1.4593146840185334,45.7858336,
astra_single_core,70,1,False,complete,17.20838745813231,344.5001664,
astra_single_core,70,33,False,complete,17.212290810318375,327.2209408,
astra_single_core,70,36,False,complete,17.21617348572413,290.84361279999996,
astra_single_core,70,38,False,complete,17.22655490683716,61.9965216,
astra_single_core,70,41,False,complete,16.155390914799412,55.827366399999995,
astra_single_core,70,44,False,complete,15.171672145207461,53.96663999999999,
astra_single_core,70,47,False,complete,14.290198514544697,53.4698944,
astra_single_core,70,50,False,complete,13.524636938379428,52.57175039999999,
astra_single_core,70,52,False,complete,13.059851459824678,52.1904448,
astra_single_core,70,55,False,complete,12.430154658827382,51.53553599999999,
astra_single_core,70,58,False,complete,11.855258508283276,51.372672,
astra_single_core,70,65,False,complete,10.731549762299569,50.607523199999996,
astra_single_core,70,70,False,complete,10.072492569572502,49.9330208,
astra_single_core,70,80,False,complete,8.984693675389206,49.505664,
astra_single_core,70,90,False,complete,8.145345786724793,48.9254688,
astra_single_core,70,100,False,complete,7.467511051275132,48.706736,
astra_single_core,70,125,False,complete,6.25701749722102,47.9686272,
astra_single_core,70,150,False,complete,5.445226880761185,47.6682752,
astra_single_core,70,200,False,complete,4.4333280021075305,47.1786016,
astra_single_core,70,300,False,complete,3.4158560097908564,46.90216959999999,
astra_single_core,70,500,False,complete,2.6057487079199086,46.5432032,
astra_single_core,70,750,False,complete,2.198954287019987,46.4249344,
astra_single_core,70,1000,False,complete,1.9971746880459567,46.3149856,
astra_single_core,70,2000,False,complete,1.6981790842680873,46.02761279999999,
astra_single_core,70,5000,False,complete,1.519248255524098,45.8415776,
astra_single_core,70,10000,False,complete,1.4593146840185334,45.7858336,
astra_single_core,60,1,False,complete,16.623901992087134,413.71557759999996,
astra_single_core,60,33,False,complete,16.625931961588467,394.4234944,
astra_single_core,60,36,False,complete,16.627539192474202,372.79419839999997,
astra_single_core,60,38,False,complete,16.671846696014583,133.7443744,
astra_single_core,60,41,False,complete,16.12281491341448,57.470816,
astra_single_core,60,44,False,complete,15.14138862479595,55.391231999999995,
astra_single_core,60,47,False,complete,14.261366726090488,54.7856192,
astra_single_core,60,50,False,complete,13.498281361285727,53.735510399999995,
astra_single_core,60,52,False,complete,13.033956830681403,53.32479359999999,
astra_single_core,60,55,False,complete,12.403229035468273,52.6835296,
astra_single_core,60,58,False,complete,11.833284046849267,52.298272,
astra_single_core,60,65,False,complete,10.711429671441774,51.4237568,
astra_single_core,60,70,False,complete,10.051639460839446,50.75928,
astra_single_core,60,80,False,complete,8.966610932603764,50.2079136,
astra_single_core,60,90,False,complete,8.13400054632121,49.3540736,
astra_single_core,60,100,False,complete,7.4552169530618135,49.16392,
astra_single_core,60,125,False,complete,6.242557994441983,48.49495039999999,
astra_single_core,60,150,False,complete,5.436959178299992,47.9573536,
astra_single_core,60,200,False,complete,4.423217286038712,47.5338656,
astra_single_core,60,300,False,complete,3.4133072130391553,46.991567999999994,
astra_single_core,60,500,False,complete,2.605188165917294,46.5655008,
astra_single_core,60,750,False,complete,2.198046223991876,46.458672,
astra_single_core,60,1000,False,complete,1.9971746880459567,46.3149856,
astra_single_core,60,2000,False,complete,1.6978583670823175,46.036307199999996,
astra_single_core,60,5000,False,complete,1.5191517543536361,45.8444896,
astra_single_core,60,10000,False,complete,1.4593146840185334,45.7858336,
astra_single_core,50,1,False,complete,16.07655496860635,480.6976928,
astra_single_core,50,33,False,complete,16.076724041028058,467.3516639999999,
astra_single_core,50,36,False,complete,16.077220292861576,454.6875424,
astra_single_core,50,38,False,complete,16.07887377949364,427.55627200000004,
astra_single_core,50,41,False,complete,16.050404141866455,61.462336,
astra_single_core,50,44,False,complete,15.098305232563314,57.5330912,
astra_single_core,50,47,False,complete,14.235008722185546,56.05196479999999,
astra_single_core,50,50,False,complete,13.466316360790326,55.22088,
astra_single_core,50,52,False,complete,13.012078915961366,54.3115872,
astra_single_core,50,55,False,complete,12.37492478680869,53.9319872,
astra_single_core,50,58,False,complete,11.80931364034405,53.3338624,
astra_single_core,50,65,False,complete,10.68812490203407,52.4059328,
astra_single_core,50,70,False,complete,10.024553691637637,51.8738688,
astra_single_core,50,80,False,complete,8.957396461386091,50.5710816,
astra_single_core,50,90,False,complete,8.116421074041076,50.0318624,
astra_single_core,50,100,False,complete,7.443623610101336,49.612784,
astra_single_core,50,125,False,complete,6.2355764308049375,48.753494399999994,
astra_single_core,50,150,False,complete,5.425760192357154,48.3606656,
astra_single_core,50,200,False,complete,4.415589979209256,47.8058464,
astra_single_core,50,300,False,complete,3.406518478482283,47.222364799999994,
astra_single_core,50,500,False,complete,2.599746979864761,46.7491232,
astra_single_core,50,750,False,complete,2.198046223991876,46.458672,
astra_single_core,50,1000,False,complete,1.9956232385343282,46.367027199999995,
astra_single_core,50,2000,False,complete,1.696914814640121,46.0656768,
astra_single_core,50,5000,False,complete,1.5191517543536361,45.8444896,
astra_single_core,50,10000,False,complete,1.4593146840185334,45.7858336,
astra_single_core,100,1,True,complete,19.23100961838946,,
deepseek_single_core,100,1,False,complete,19.056400855596507,223.1487232,
deepseek_single_core,100,33,False,complete,19.0097247578729,176.1563648,
deepseek_single_core,100,36,False,complete,18.26292074800477,54.7192672,
deepseek_single_core,100,38,False,complete,17.474778088222212,49.973331200000004,
deepseek_single_core,100,41,False,complete,16.301877992322513,49.5086592,
deepseek_single_core,100,44,False,complete,15.289863760150482,49.084921599999994,
deepseek_single_core,100,47,False,complete,14.396646526987293,49.0949472,
deepseek_single_core,100,50,False,complete,13.620606373010034,48.74492479999999,
deepseek_single_core,100,52,False,complete,13.15028993013884,48.6340192,
deepseek_single_core,100,55,False,complete,12.510352537142401,48.4170752,
deepseek_single_core,100,58,False,complete,11.934301748331505,48.3285504,
deepseek_single_core,100,65,False,complete,10.796711155269765,48.1366912,
deepseek_single_core,100,70,False,complete,10.127331187820268,47.899488,
deepseek_single_core,100,80,False,complete,9.030494262209409,47.821571199999994,
deepseek_single_core,100,90,False,complete,8.184587362127338,47.5046624,
deepseek_single_core,100,100,False,complete,7.502286011859549,47.45728,
deepseek_single_core,100,125,False,complete,6.278298130869049,47.224985600000004,
deepseek_single_core,100,150,False,complete,5.459547786547043,47.1622528,
deepseek_single_core,100,200,False,complete,4.444246332912241,46.8063648,
deepseek_single_core,100,300,False,complete,3.4232971470077227,46.650656,
deepseek_single_core,100,500,False,complete,2.61219121576792,46.32551039999999,
deepseek_single_core,100,750,False,complete,2.2047076675571597,46.2341152,
deepseek_single_core,100,1000,False,complete,2.0049972067893087,46.054486399999995,
deepseek_single_core,100,2000,False,complete,1.701749775727865,45.9084704,
deepseek_single_core,100,5000,False,complete,1.521018955494295,45.784003199999994,
deepseek_single_core,100,10000,False,complete,1.45962501059067,45.7760992,
deepseek_single_core,90,1,False,complete,17.053545332901223,277.4122624,
deepseek_single_core,90,33,False,complete,17.051482245381745,270.9266144,
deepseek_single_core,90,36,False,complete,17.053162354679937,251.4962112,
deepseek_single_core,90,38,False,complete,16.942436798080966,85.4616672,
deepseek_single_core,90,41,False,complete,16.180526478939836,54.6295776,
deepseek_single_core,90,44,False,complete,15.213472260991916,52.1369056,
deepseek_single_core,90,47,False,complete,14.329575666091179,51.768246399999995,
deepseek_single_core,90,50,False,complete,13.556596457517738,51.2368896,
deepseek_single_core,90,52,False,complete,13.087497382744937,51.061088,
deepseek_single_core,90,55,False,complete,12.454869646636377,50.546870399999996,
deepseek_single_core,90,58,False,complete,11.874864379195234,50.5969152,
deepseek_single_core,90,65,False,complete,10.747823730876215,49.981276799999996,
deepseek_single_core,90,70,False,complete,10.084925724355152,49.4703872,
deepseek_single_core,90,80,False,complete,8.996574227345807,49.0689472,
deepseek_single_core,90,90,False,complete,8.149082849468014,48.797008,
deepseek_single_core,90,100,False,complete,7.471944777373868,48.546783999999995,
deepseek_single_core,90,125,False,complete,6.254896420679017,48.043216,
deepseek_single_core,90,150,False,complete,5.441595119209903,47.7918272,
deepseek_single_core,90,200,False,complete,4.436113442728471,47.0898272,
deepseek_single_core,90,300,False,complete,3.4140851043706752,46.9621152,
deepseek_single_core,90,500,False,complete,2.6063634557743622,46.5224032,
deepseek_single_core,90,750,False,complete,2.201811950341267,46.332707199999994,
deepseek_single_core,90,1000,False,complete,2.0019183144122317,46.160483199999994,
deepseek_single_core,90,2000,False,complete,1.7016572583202705,45.9109664,
deepseek_single_core,90,5000,False,complete,1.5206155131850265,45.796150399999995,
deepseek_single_core,90,10000,False,complete,1.45998324375553,45.7648672,
deepseek_single_core,80,1,False,complete,15.401825462798508,345.61005439999997,
deepseek_single_core,80,33,False,complete,15.401201562315947,337.5764288,
deepseek_single_core,80,36,False,complete,15.40671003709155,330.38432959999994,
deepseek_single_core,80,38,False,complete,15.404870943543992,321.61459199999996,
deepseek_single_core,80,41,False,complete,15.406400168796221,160.6405216,
deepseek_single_core,80,44,False,complete,15.043712330138408,60.481199999999994,
deepseek_single_core,80,47,False,complete,14.244408719278914,55.58679359999999,
deepseek_single_core,80,50,False,complete,13.488444420111996,54.182752,
deepseek_single_core,80,52,False,complete,13.02302800320743,53.834934399999995,
deepseek_single_core,80,55,False,complete,12.398681548907806,52.896937599999994,
deepseek_single_core,80,58,False,complete,11.827249990307479,52.576575999999996,
deepseek_single_core,80,65,False,complete,10.708305125580575,51.574432,
deepseek_single_core,80,70,False,complete,10.045709130704806,51.015411199999996,
deepseek_single_core,80,80,False,complete,8.95800741772686,50.55905919999999,
deepseek_single_core,80,90,False,complete,8.115809305837399,50.065599999999996,
deepseek_single_core,80,100,False,complete,7.444362345995763,49.5837888,
deepseek_single_core,80,125,False,complete,6.232501623647618,48.8627776,
deepseek_single_core,80,150,False,complete,5.423380141191776,48.4456128,
deepseek_single_core,80,200,False,complete,4.4183457118103835,47.713744,
deepseek_single_core,80,300,False,complete,3.406252411610311,47.22981119999999,
deepseek_single_core,80,500,False,complete,2.6014124577213935,46.6921312,
deepseek_single_core,80,750,False,complete,2.1976979258829887,46.4718592,
deepseek_single_core,80,1000,False,complete,2.000030462939757,46.2200544,
deepseek_single_core,80,2000,False,complete,1.70072173063794,45.9437472,
deepseek_single_core,80,5000,False,complete,1.5206155131850265,45.796150399999995,
deepseek_single_core,80,10000,False,complete,1.4596913368018247,45.7740192,
deepseek_single_core,70,1,False,complete,14.016596551287966,432.59407359999994,
deepseek_single_core,70,33,False,complete,14.01149652031432,425.2885312,
deepseek_single_core,70,36,False,complete,14.016439832709137,419.2309472,
deepseek_single_core,70,38,False,complete,14.016031873104717,413.7851328,
deepseek_single_core,70,41,False,complete,14.018351007454998,400.23405759999997,
deepseek_single_core,70,44,False,complete,14.029942179082179,343.7666752,
deepseek_single_core,70,47,False,complete,13.983253365886092,71.8678688,
deepseek_single_core,70,50,False,complete,13.390548901794517,59.0801952,
deepseek_single_core,70,52,False,complete,12.959393199919276,56.8776832,
deepseek_single_core,70,55,False,complete,12.336596410959038,55.7451232,
deepseek_single_core,70,58,False,complete,11.77415478081201,54.97107199999999,
deepseek_single_core,70,65,False,complete,10.657262931053715,53.7839744,
deepseek_single_core,70,70,False,complete,10.006172915250042,52.67912,
deepseek_single_core,70,80,False,complete,8.919419807543038,52.146848,
deepseek_single_core,70,90,False,complete,8.084376447846603,51.3313632,
deepseek_single_core,70,100,False,complete,7.416570994024547,50.6894752,
deepseek_single_core,70,125,False,complete,6.207887908979765,49.8008576,
deepseek_single_core,70,150,False,complete,5.407490569157403,49.042448,
deepseek_single_core,70,200,False,complete,4.40283967779508,48.271350399999996,
deepseek_single_core,70,300,False,complete,3.3971958969334666,47.5554144,
deepseek_single_core,70,500,False,complete,2.596386690636675,46.863856,
deepseek_single_core,70,750,False,complete,2.196174935706442,46.5215712,
deepseek_single_core,70,1000,False,complete,1.9968125594606025,46.32979519999999,
deepseek_single_core,70,2000,False,complete,1.6978629698213303,46.036182399999994,
deepseek_single_core,70,5000,False,complete,1.5191296986645284,45.8451552,
deepseek_single_core,70,10000,False,complete,1.4596913368018247,45.7740192,
deepseek_single_core,60,1,False,complete,12.851474470734788,547.746784,
deepseek_single_core,60,33,False,complete,12.851433602564724,539.3724544,
deepseek_single_core,60,36,False,complete,12.852543048437632,534.1613056,
deepseek_single_core,60,38,False,complete,12.85413175359482,530.0684895999999,
deepseek_single_core,60,41,False,complete,12.853844100833992,521.52152,
deepseek_single_core,60,44,False,complete,12.85571571285857,506.1835583999999,
deepseek_single_core,60,47,False,complete,12.85965940376646,470.2451104,
deepseek_single_core,60,50,False,complete,12.95833779659144,98.2540416,
deepseek_single_core,60,52,False,complete,12.77222668423772,68.1824,
deepseek_single_core,60,55,False,complete,12.256221791676152,59.9482208,
deepseek_single_core,60,58,False,complete,11.71541648237028,57.87050879999999,
deepseek_single_core,60,65,False,complete,10.612540013488294,55.8801152,
deepseek_single_core,60,70,False,complete,9.96215554166052,54.6573664,
deepseek_single_core,60,80,False,complete,8.886988473975586,53.5686112,
deepseek_single_core,60,90,False,complete,8.060637065379717,52.330512,
deepseek_single_core,60,100,False,complete,7.393074811194761,51.6392032,
deepseek_single_core,60,125,False,complete,6.191403333586641,50.4471968,
deepseek_single_core,60,150,False,complete,5.3878050587859585,49.790623999999994,
deepseek_single_core,60,200,False,complete,4.390975657473679,48.70931519999999,
deepseek_single_core,60,300,False,complete,3.3872835867829285,47.909971199999994,
deepseek_single_core,60,500,False,complete,2.5915824465877364,47.0297568,
deepseek_single_core,60,750,False,complete,2.1914875297449465,46.6794848,
deepseek_single_core,60,1000,False,complete,1.9923014827156489,46.482883199999996,
deepseek_single_core,60,2000,False,complete,1.6962751098288147,46.0905952,
deepseek_single_core,60,5000,False,complete,1.519044238917936,45.84773439999999,
deepseek_single_core,60,10000,False,complete,1.4590919668182363,45.7928224,
deepseek_single_core,50,1,False,complete,11.86302281614575,667.8003071999999,
deepseek_single_core,50,33,False,complete,11.863483656645371,662.7636288,
deepseek_single_core,50,36,False,complete,11.863604214352424,659.5855552,
deepseek_single_core,50,38,False,complete,11.863773038305695,657.9059552,
deepseek_single_core,50,41,False,complete,11.865756444518654,653.7311456,
deepseek_single_core,50,44,False,complete,11.864748479078422,646.7950528,
deepseek_single_core,50,47,False,complete,11.864866741010562,635.6846496,
deepseek_single_core,50,50,False,complete,11.866038436467067,609.5204544000001,
deepseek_single_core,50,52,False,complete,11.873304462318435,525.6464512,
deepseek_single_core,50,55,False,complete,11.974823633562627,81.3877792,
deepseek_single_core,50,58,False,complete,11.615728925559658,63.6356032,
deepseek_single_core,50,65,False,complete,10.569776643216738,58.0540896,
deepseek_single_core,50,70,False,complete,9.926136776349242,56.389590399999996,
deepseek_single_core,50,80,False,complete,8.864364106521688,54.605657599999994,
deepseek_single_core,50,90,False,complete,8.027990881379539,53.758265599999994,
deepseek_single_core,50,100,False,complete,7.3609271533171405,53.019366399999996,
deepseek_single_core,50,125,False,complete,6.166923170845716,51.4465536,
deepseek_single_core,50,150,False,complete,5.378223641362291,50.1696832,
deepseek_single_core,50,200,False,complete,4.3721150519375644,49.4171392,
deepseek_single_core,50,300,False,complete,3.3841779684176707,48.020128,
deepseek_single_core,50,500,False,complete,2.5850533052130236,47.257475199999995,
deepseek_single_core,50,750,False,complete,2.191184139922191,46.6947104,
deepseek_single_core,50,1000,False,complete,1.9907593010406275,46.534966399999995,
deepseek_single_core,50,2000,False,complete,1.6945962779348698,46.147587200000004,
deepseek_single_core,50,5000,False,complete,1.5188816162843315,45.852643199999996,
deepseek_single_core,50,10000,False,complete,1.4589223231465434,45.7981472,
deepseek_single_core,100,1,True,complete,19.23100961838946,,
astra_multicore,100,1,False,complete,19.23078688426564,223.44990719999998,
astra_multicore,100,33,False,complete,19.230776528821544,109.6182464,
astra_multicore,100,36,False,complete,18.442853753310324,47.446672,
astra_multicore,100,38,False,complete,17.550511155280713,47.189376,
astra_multicore,100,41,False,complete,16.3668547467266,47.1418688,
astra_multicore,100,44,False,complete,15.349717884600555,46.930540799999996,
astra_multicore,100,47,False,complete,14.452705519990287,47.0760992,
astra_multicore,100,50,False,complete,13.670085391375093,46.979504,
astra_multicore,100,52,False,complete,13.197749832813866,46.93208,
astra_multicore,100,55,False,complete,12.551708936341566,46.9496768,
astra_multicore,100,58,False,complete,11.971962983466355,46.9833312,
astra_multicore,100,65,False,complete,10.832886076635571,46.869388799999996,
astra_multicore,100,70,False,complete,10.155325857007822,46.9109888,
astra_multicore,100,80,False,complete,9.059553486599143,46.8098592,
astra_multicore,100,90,False,complete,8.204040545649793,46.8381472,
astra_multicore,100,100,False,complete,7.524866020611285,46.6769888,
astra_multicore,100,125,False,complete,6.294101380959569,46.68239679999999,
astra_multicore,100,150,False,complete,5.476419810126417,46.5845536,
astra_multicore,100,200,False,complete,4.453159524733911,46.5028512,
astra_multicore,100,300,False,complete,3.4266621467518408,46.5282688,
astra_multicore,100,500,False,complete,2.6143557532845136,46.2553312,
astra_multicore,100,750,False,complete,2.20594531428174,46.190768,
astra_multicore,100,1000,False,complete,2.0031187534811545,46.116844799999996,
astra_multicore,100,2000,False,complete,1.7017482336886345,45.908511999999995,
astra_multicore,100,5000,False,complete,1.5204193959738859,45.8020576,
astra_multicore,100,10000,False,complete,1.4595984817938856,45.7769312,
astra_multicore,90,1,False,complete,17.84464938418547,262.09289599999994,
astra_multicore,90,33,False,complete,17.846525093882963,251.34412159999997,
astra_multicore,90,36,False,complete,17.879917496046023,81.42887999999999,
astra_multicore,90,38,False,complete,17.37893976297104,54.0066592,
astra_multicore,90,41,False,complete,16.242418008613544,51.892921599999994,
astra_multicore,90,44,False,complete,15.241692722304936,50.9545088,
astra_multicore,90,47,False,complete,14.358419238811303,50.5739936,
astra_multicore,90,50,False,complete,13.579907447547185,50.298268799999995,
astra_multicore,90,52,False,complete,13.122538372576686,49.6752256,
astra_multicore,90,55,False,complete,12.479859839726045,49.548719999999996,
astra_multicore,90,58,False,complete,11.911510845134865,49.153353599999996,
astra_multicore,90,65,False,complete,10.77714951965562,48.8642336,
astra_multicore,90,70,False,complete,10.112376923988805,48.427267199999996,
astra_multicore,90,80,False,complete,9.022771541263145,48.0866464,
astra_multicore,90,90,False,complete,8.176329755020117,47.79216,
astra_multicore,90,100,False,complete,7.5000232292666675,47.5262112,
astra_multicore,90,125,False,complete,6.280329478774047,47.15672,
astra_multicore,90,150,False,complete,5.463436728165715,47.025596799999995,
astra_multicore,90,200,False,complete,4.442182506320741,46.8742144,
astra_multicore,90,300,False,complete,3.424709511246814,46.5959104,
astra_multicore,90,500,False,complete,2.611707426344699,46.3414432,
astra_multicore,90,750,False,complete,2.205214567377406,46.217683199999996,
astra_multicore,90,1000,False,complete,2.0032958477550675,46.112767999999996,
astra_multicore,90,2000,False,complete,1.700202933960645,45.9577664,
astra_multicore,90,5000,False,complete,1.52000799048406,45.814454399999995,
astra_multicore,90,10000,False,complete,1.4598041051956652,45.770483199999994,
astra_multicore,80,1,False,complete,16.641112701534837,312.5858944,
astra_multicore,80,33,False,complete,16.64077893267323,302.18344,
astra_multicore,80,36,False,complete,16.64363319994523,288.30135359999997,
astra_multicore,80,38,False,complete,16.678548696984286,131.78888320000001,
astra_multicore,80,41,False,complete,16.15429327485914,55.8953408,
astra_multicore,80,44,False,complete,15.191985547154424,53.0692032,
astra_multicore,80,47,False,complete,14.313574653813722,52.4427072,
astra_multicore,80,50,False,complete,13.53939004671434,51.9439232,
astra_multicore,80,52,False,complete,13.086294584721342,51.0995264,
astra_multicore,80,55,False,complete,12.452232658845825,50.6295296,
astra_multicore,80,58,False,complete,11.876275353765335,50.538092799999994,
astra_multicore,80,65,False,complete,10.750489393793524,49.8575584,
astra_multicore,80,70,False,complete,10.086303358481825,49.394467199999994,
astra_multicore,80,80,False,complete,9.005135209676785,48.7301984,
astra_multicore,80,90,False,complete,8.158986774143793,48.4224416,
astra_multicore,80,100,False,complete,7.484606079774831,48.07816,
astra_multicore,80,125,False,complete,6.27111625707572,47.464809599999995,
astra_multicore,80,150,False,complete,5.45544142232456,47.3068544,
astra_multicore,80,200,False,complete,4.439336873032895,46.9806688,
astra_multicore,80,300,False,complete,3.4191742982717264,46.7836512,
astra_multicore,80,500,False,complete,2.609159930862569,46.4308416,
astra_multicore,80,750,False,complete,2.2021031342250117,46.320767999999994,
astra_multicore,80,1000,False,complete,2.0024516022178998,46.1386016,
astra_multicore,80,2000,False,complete,1.6988422037702167,46.002112,
astra_multicore,80,5000,False,complete,1.5195543832064247,45.8323424,
astra_multicore,80,10000,False,complete,1.4593146840185334,45.7858336,
astra_multicore,70,1,False,complete,15.571811891698704,379.5269088,
astra_multicore,70,33,False,complete,15.575578567804632,368.2036384,
astra_multicore,70,36,False,complete,15.574787381673818,358.9484288,
astra_multicore,70,38,False,complete,15.57878251224307,346.688992,
astra_multicore,70,41,False,complete,15.665714635477597,97.3457888,
astra_multicore,70,44,False,complete,15.10762597917695,57.06380159999999,
astra_multicore,70,47,False,complete,14.27047630352459,54.348361600000004,
astra_multicore,70,50,False,complete,13.511011008149422,53.17045759999999,
astra_multicore,70,52,False,complete,13.047532325093227,52.7272928,
astra_multicore,70,55,False,complete,12.417108740074967,52.0860288,
astra_multicore,70,58,False,complete,11.849603391575497,51.601888,
astra_multicore,70,65,False,complete,10.726277048914309,50.81856,
astra_multicore,70,70,False,complete,10.066376429088033,50.178252799999996,
astra_multicore,70,80,False,complete,8.983602945388117,49.5544192,
astra_multicore,70,90,False,complete,8.145705289403132,48.917024,
astra_multicore,70,100,False,complete,7.465289734865852,48.7855264,
astra_multicore,70,125,False,complete,6.248521852194765,48.276591999999994,
astra_multicore,70,150,False,complete,5.441286020406462,47.806304,
astra_multicore,70,200,False,complete,4.4333280021075305,47.1786016,
astra_multicore,70,300,False,complete,3.4158560097908564,46.90216959999999,
astra_multicore,70,500,False,complete,2.6077206405075257,46.4761024,
astra_multicore,70,750,False,complete,2.1978140035336917,46.4664928,
astra_multicore,70,1000,False,complete,1.9971693064939096,46.3151104,
astra_multicore,70,2000,False,complete,1.6981790842680873,46.02761279999999,
astra_multicore,70,5000,False,complete,1.519248255524098,45.8415776,
astra_multicore,70,10000,False,complete,1.4593146840185334,45.7858336,
astra_multicore,60,1,False,complete,14.641399066153554,467.9136384,
astra_multicore,60,33,False,complete,14.641507442171594,456.37388159999995,
astra_multicore,60,36,False,complete,14.642156385243736,448.39957759999993,
astra_multicore,60,38,False,complete,14.642945025006762,439.8129632,
astra_multicore,60,41,False,complete,14.64583015429243,413.2476192,
astra_multicore,60,44,False,complete,14.775020976954709,81.0946656,
astra_multicore,60,47,False,complete,14.207315874203402,57.447769599999994,
astra_multicore,60,50,False,complete,13.471961425685619,54.947859199999996,
astra_multicore,60,52,False,complete,13.011170799329456,54.357679999999995,
astra_multicore,60,55,False,complete,12.38669968907712,53.40175359999999,
astra_multicore,60,58,False,complete,11.82212785204848,52.7774624,
astra_multicore,60,65,False,complete,10.700833586804762,51.8664224,
astra_multicore,60,70,False,complete,10.045223262692279,51.0172416,
astra_multicore,60,80,False,complete,8.972338927167343,49.978988799999996,
astra_multicore,60,90,False,complete,8.123916490523662,49.738332799999995,
astra_multicore,60,100,False,complete,7.458045234211908,49.059462399999994,
astra_multicore,60,125,False,complete,6.2405158120144915,48.571327999999994,
astra_multicore,60,150,False,complete,5.436653045458988,47.9682944,
astra_multicore,60,200,False,complete,4.423217286038712,47.5338656,
astra_multicore,60,300,False,complete,3.411377032854141,47.0538016,
astra_multicore,60,500,False,complete,2.6051835111606447,46.565583999999994,
astra_multicore,60,750,False,complete,2.1975995652173617,46.4739392,
astra_multicore,60,1000,False,complete,1.9971693064939096,46.3151104,
astra_multicore,60,2000,False,complete,1.6978583670823175,46.036307199999996,
astra_multicore,60,5000,False,complete,1.5191476188631452,45.8446144,
astra_multicore,60,10000,False,complete,1.4593146840185334,45.7858336,
astra_multicore,50,1,False,complete,13.810186329737126,558.4912736,
astra_multicore,50,33,False,complete,13.811607434847833,551.0068096,
astra_multicore,50,36,False,complete,13.809932197625804,546.7697664,
astra_multicore,50,38,False,complete,13.812403979213954,541.7564672,
astra_multicore,50,41,False,complete,13.812305474292963,530.4572416,
astra_multicore,50,44,False,complete,13.813405593880287,495.63854079999993,
astra_multicore,50,47,False,complete,13.970816516609748,72.8924768,
astra_multicore,50,50,False,complete,13.411309391366467,57.97276159999999,
astra_multicore,50,52,False,complete,12.965275511538847,56.5596512,
astra_multicore,50,55,False,complete,12.3591436623122,54.6616096,
astra_multicore,50,58,False,complete,11.793042902362467,54.0771296,
astra_multicore,50,65,False,complete,10.675713712307308,52.94465279999999,
astra_multicore,50,70,False,complete,10.024428393174109,51.8936704,
astra_multicore,50,80,False,complete,8.942625470334933,51.167750399999996,
astra_multicore,50,90,False,complete,8.10800781890358,50.362416,
astra_multicore,50,100,False,complete,7.437367978565343,49.846409599999994,
astra_multicore,50,125,False,complete,6.223751981304679,49.1998624,
astra_multicore,50,150,False,complete,5.424935421686174,48.395152,
astra_multicore,50,200,False,complete,4.409798408644341,48.0137632,
astra_multicore,50,300,False,complete,3.407602390503204,47.182928,
astra_multicore,50,500,False,complete,2.6008851806201854,46.708979199999995,
astra_multicore,50,750,False,complete,2.195892299082044,46.53047359999999,
astra_multicore,50,1000,False,complete,1.9956178671982425,46.367152,
astra_multicore,50,2000,False,complete,1.696914814640121,46.0656768,
astra_multicore,50,5000,False,complete,1.5191476188631452,45.8446144,
astra_multicore,50,10000,False,complete,1.4593146840185334,45.7858336,
astra_multicore,100,1,True,complete,19.23264441359956,,
deepseek_multicore,100,1,False,complete,19.056400855596507,223.1487232,
deepseek_multicore,100,33,False,complete,19.0097247578729,176.1563648,
deepseek_multicore,100,36,False,complete,18.26292074800477,54.7192672,
deepseek_multicore,100,38,False,complete,17.474778088222212,49.973331200000004,
deepseek_multicore,100,41,False,complete,16.301877992322513,49.5086592,
deepseek_multicore,100,44,False,complete,15.289863760150482,49.084921599999994,
deepseek_multicore,100,47,False,complete,14.396646526987293,49.0949472,
deepseek_multicore,100,50,False,complete,13.620606373010034,48.74492479999999,
deepseek_multicore,100,52,False,complete,13.15028993013884,48.6340192,
deepseek_multicore,100,55,False,complete,12.510352537142401,48.4170752,
deepseek_multicore,100,58,False,complete,11.934301748331505,48.3285504,
deepseek_multicore,100,65,False,complete,10.796711155269765,48.1366912,
deepseek_multicore,100,70,False,complete,10.127331187820268,47.899488,
deepseek_multicore,100,80,False,complete,9.030494262209409,47.821571199999994,
deepseek_multicore,100,90,False,complete,8.184587362127338,47.5046624,
deepseek_multicore,100,100,False,complete,7.502286011859549,47.45728,
deepseek_multicore,100,125,False,complete,6.278298130869049,47.224985600000004,
deepseek_multicore,100,150,False,complete,5.459547786547043,47.1622528,
deepseek_multicore,100,200,False,complete,4.444246332912241,46.8063648,
deepseek_multicore,100,300,False,complete,3.4232971470077227,46.650656,
deepseek_multicore,100,500,False,complete,2.61219121576792,46.32551039999999,
deepseek_multicore,100,750,False,complete,2.2047076675571597,46.2341152,
deepseek_multicore,100,1000,False,complete,2.0049972067893087,46.054486399999995,
deepseek_multicore,100,2000,False,complete,1.701749775727865,45.9084704,
deepseek_multicore,100,5000,False,complete,1.521018955494295,45.784003199999994,
deepseek_multicore,100,10000,False,complete,1.45962501059067,45.7760992,
deepseek_multicore,90,1,False,complete,18.66517853690394,255.42437439999998,
deepseek_multicore,90,33,False,complete,18.659499683359414,241.4887488,
deepseek_multicore,90,36,False,complete,18.157494132904564,60.1932864,
deepseek_multicore,90,38,False,complete,17.390072422768924,53.5322944,
deepseek_multicore,90,41,False,complete,16.227941893341132,52.5157984,
deepseek_multicore,90,44,False,complete,15.227483566713481,51.548016,
deepseek_multicore,90,47,False,complete,14.340102915199193,51.331696,
deepseek_multicore,90,50,False,complete,13.560491699379616,51.081056,
deepseek_multicore,90,52,False,complete,13.092021224947313,50.88408,
deepseek_multicore,90,55,False,complete,12.452623416119511,50.6325664,
deepseek_multicore,90,58,False,complete,11.880183528702844,50.385712,
deepseek_multicore,90,65,False,complete,10.748279668689506,49.9601024,
deepseek_multicore,90,70,False,complete,10.077949121202245,49.7288064,
deepseek_multicore,90,80,False,complete,8.996574227345807,49.0689472,
deepseek_multicore,90,90,False,complete,8.149082849468014,48.797008,
deepseek_multicore,90,100,False,complete,7.471944777373868,48.546783999999995,
deepseek_multicore,90,125,False,complete,6.254896420679017,48.043216,
deepseek_multicore,90,150,False,complete,5.441595119209903,47.7918272,
deepseek_multicore,90,200,False,complete,4.436113442728471,47.0898272,
deepseek_multicore,90,300,False,complete,3.4140851043706752,46.9621152,
deepseek_multicore,90,500,False,complete,2.6063634557743622,46.5224032,
deepseek_multicore,90,750,False,complete,2.201811950341267,46.332707199999994,
deepseek_multicore,90,1000,False,complete,2.0019183144122317,46.160483199999994,
deepseek_multicore,90,2000,False,complete,1.7016572583202705,45.9109664,
deepseek_multicore,90,5000,False,complete,1.5206155131850265,45.796150399999995,
deepseek_multicore,90,10000,False,complete,1.45998324375553,45.7648672,
deepseek_multicore,80,1,False,complete,18.245846737948536,294.460608,
deepseek_multicore,80,33,False,complete,18.24020075579568,277.26558079999995,
deepseek_multicore,80,36,False,complete,17.994033002530877,70.7131776,
deepseek_multicore,80,38,False,complete,17.292968176715267,58.2825152,
deepseek_multicore,80,41,False,complete,16.160383252123292,55.6429952,
deepseek_multicore,80,44,False,complete,15.160255994428177,54.509644800000004,
deepseek_multicore,80,47,False,complete,14.279269674420744,53.96663999999999,
deepseek_multicore,80,50,False,complete,13.502248134529527,53.5675712,
deepseek_multicore,80,52,False,complete,13.03459686134389,53.31235519999999,
deepseek_multicore,80,55,False,complete,12.400578503018323,52.8171072,
deepseek_multicore,80,58,False,complete,11.831060177895724,52.4125056,
deepseek_multicore,80,65,False,complete,10.711431044276193,51.44048,
deepseek_multicore,80,70,False,complete,10.04269176426067,51.1416256,
deepseek_multicore,80,80,False,complete,8.95800741772686,50.55905919999999,
deepseek_multicore,80,90,False,complete,8.115809305837399,50.065599999999996,
deepseek_multicore,80,100,False,complete,7.444362345995763,49.5837888,
deepseek_multicore,80,125,False,complete,6.232501623647618,48.8627776,
deepseek_multicore,80,150,False,complete,5.423380141191776,48.4456128,
deepseek_multicore,80,200,False,complete,4.4183457118103835,47.713744,
deepseek_multicore,80,300,False,complete,3.406252411610311,47.22981119999999,
deepseek_multicore,80,500,False,complete,2.6014124577213935,46.6921312,
deepseek_multicore,80,750,False,complete,2.1976979258829887,46.4718592,
deepseek_multicore,80,1000,False,complete,2.000030462939757,46.2200544,
deepseek_multicore,80,2000,False,complete,1.70072173063794,45.9437472,
deepseek_multicore,80,5000,False,complete,1.5206155131850265,45.796150399999995,
deepseek_multicore,80,10000,False,complete,1.4596913368018247,45.7740192,
deepseek_multicore,70,1,False,complete,17.831616016081206,345.5157056,
deepseek_multicore,70,33,False,complete,17.82763185468264,324.36634879999997,
deepseek_multicore,70,36,False,complete,17.696622761576958,104.4895904,
deepseek_multicore,70,38,False,complete,17.180718670760204,64.4334912,
deepseek_multicore,70,41,False,complete,16.091195978994826,59.2255872,
deepseek_multicore,70,44,False,complete,15.103325672962464,57.31311039999999,
deepseek_multicore,70,47,False,complete,14.223161683607946,56.6489664,
deepseek_multicore,70,50,False,complete,13.451782646680915,55.9337792,
deepseek_multicore,70,52,False,complete,12.981331685740571,55.7910912,
deepseek_multicore,70,55,False,complete,12.355473275962803,54.852928,
deepseek_multicore,70,58,False,complete,11.78880158757575,54.2838816,
deepseek_multicore,70,65,False,complete,10.661747293607224,53.579468799999994,
deepseek_multicore,70,70,False,complete,9.9986176748083,53.0120864,
deepseek_multicore,70,80,False,complete,8.927811304812955,51.7960352,
deepseek_multicore,70,90,False,complete,8.084376447846603,51.3313632,
deepseek_multicore,70,100,False,complete,7.416570994024547,50.6894752,
deepseek_multicore,70,125,False,complete,6.207887908979765,49.8008576,
deepseek_multicore,70,150,False,complete,5.407490569157403,49.042448,
deepseek_multicore,70,200,False,complete,4.40283967779508,48.271350399999996,
deepseek_multicore,70,300,False,complete,3.3971958969334666,47.5554144,
deepseek_multicore,70,500,False,complete,2.596386690636675,46.863856,
deepseek_multicore,70,750,False,complete,2.196174935706442,46.5215712,
deepseek_multicore,70,1000,False,complete,1.9968125594606025,46.32979519999999,
deepseek_multicore,70,2000,False,complete,1.6978629698213303,46.036182399999994,
deepseek_multicore,70,5000,False,complete,1.5191296986645284,45.8451552,
deepseek_multicore,70,10000,False,complete,1.4596913368018247,45.7740192,
deepseek_multicore,60,1,False,complete,17.435966058535467,410.3701056,
deepseek_multicore,60,33,False,complete,17.437197696117142,386.8052032,
deepseek_multicore,60,36,False,complete,17.40137509494153,202.2339072,
deepseek_multicore,60,38,False,complete,17.076983590684915,71.3886784,
deepseek_multicore,60,41,False,complete,16.03307336223996,62.2325184,
deepseek_multicore,60,44,False,complete,15.044642814653086,60.5187232,
deepseek_multicore,60,47,False,complete,14.175280170733242,59.17587519999999,
deepseek_multicore,60,50,False,complete,13.402474769516688,58.4670112,
deepseek_multicore,60,52,False,complete,12.945394108288438,57.59919359999999,
deepseek_multicore,60,55,False,complete,12.31608835965404,56.773308799999995,
deepseek_multicore,60,58,False,complete,11.751211180379382,56.085411199999996,
deepseek_multicore,60,65,False,complete,10.62940062978583,55.077984,
deepseek_multicore,60,70,False,complete,9.969167063063216,54.329392,
deepseek_multicore,60,80,False,complete,8.89233003683547,53.332032,
deepseek_multicore,60,90,False,complete,8.055943081164585,52.5246592,
deepseek_multicore,60,100,False,complete,7.395681896885048,51.53532799999999,
deepseek_multicore,60,125,False,complete,6.191403333586641,50.4471968,
deepseek_multicore,60,150,False,complete,5.3878050587859585,49.790623999999994,
deepseek_multicore,60,200,False,complete,4.390975657473679,48.70931519999999,
deepseek_multicore,60,300,False,complete,3.3872835867829285,47.909971199999994,
deepseek_multicore,60,500,False,complete,2.5915824465877364,47.0297568,
deepseek_multicore,60,750,False,complete,2.1914875297449465,46.6794848,
deepseek_multicore,60,1000,False,complete,1.9923014827156489,46.482883199999996,
deepseek_multicore,60,2000,False,complete,1.6962751098288147,46.0905952,
deepseek_multicore,60,5000,False,complete,1.519044238917936,45.84773439999999,
deepseek_multicore,60,10000,False,complete,1.4590919668182363,45.7928224,
deepseek_multicore,50,1,False,complete,17.052233329896772,472.83238079999995,
deepseek_multicore,50,33,False,complete,17.05118116128498,454.7761088,
deepseek_multicore,50,36,False,complete,17.048512416389997,421.606432,
deepseek_multicore,50,38,False,complete,16.932917502887303,84.671392,
deepseek_multicore,50,41,False,complete,15.97131887777043,65.85400639999999,
deepseek_multicore,50,44,False,complete,14.997403650889659,63.1963904,
deepseek_multicore,50,47,False,complete,14.129783032164593,61.80008639999999,
deepseek_multicore,50,50,False,complete,13.36245139241812,60.6867872,
deepseek_multicore,50,52,False,complete,12.897819194544331,60.17955839999999,
deepseek_multicore,50,55,False,complete,12.273226153499108,59.0120544,
deepseek_multicore,50,58,False,complete,11.708950330512469,58.235340799999996,
deepseek_multicore,50,65,False,complete,10.594342644916663,56.795856,
deepseek_multicore,50,70,False,complete,9.935424261884297,55.934278400000004,
deepseek_multicore,50,80,False,complete,8.870903016182453,54.30351679999999,
deepseek_multicore,50,90,False,complete,8.0319242027682,53.5916992,
deepseek_multicore,50,100,False,complete,7.365077242592015,52.8400288,
deepseek_multicore,50,125,False,complete,6.166923170845716,51.4465536,
deepseek_multicore,50,150,False,complete,5.378223641362291,50.1696832,
deepseek_multicore,50,200,False,complete,4.3721150519375644,49.4171392,
deepseek_multicore,50,300,False,complete,3.3841779684176707,48.020128,
deepseek_multicore,50,500,False,complete,2.5850533052130236,47.257475199999995,
deepseek_multicore,50,750,False,complete,2.191184139922191,46.6947104,
deepseek_multicore,50,1000,False,complete,1.9907593010406275,46.534966399999995,
deepseek_multicore,50,2000,False,complete,1.6945962779348698,46.147587200000004,
deepseek_multicore,50,5000,False,complete,1.5188816162843315,45.852643199999996,
deepseek_multicore,50,10000,False,complete,1.4589223231465434,45.7981472,
deepseek_multicore,100,1,True,complete,19.23100961838946,,
