case,arm,cores,core,program,signed_error_pct
test-c4_mixed_05,md1,4,0,gcc,12.51767257883984
test-c4_mixed_05,md1,4,1,sierra_a_4_0005,-5.326114959242581
test-c4_mixed_05,md1,4,2,tahoe_0016,-3.674912947259679
test-c4_mixed_05,md1,4,3,biogpt,-13.541830220238626
test-c8-06,fixedlat,8,0,bark,-31.14757506875676
test-c8-06,fixedlat,8,1,gap_bc,-41.29692289044057
test-c8-06,fixedlat,8,2,sierra_a_3_0001,-29.189299139522735
test-c8-06,fixedlat,8,3,tahoe_0023,-28.971429950939235
test-c8-06,fixedlat,8,4,tahoe_0013,-34.71308349108442
test-c8-06,fixedlat,8,5,sierra_a_6_0011,-37.74033645522579
test-c8-06,fixedlat,8,6,sierra_a_4_0005,-35.59231691115415
test-c8-06,fixedlat,8,7,sierra_a_6_0006,-29.60732664937237
test-c8-06,wmg1,8,0,bark,-38.16348419490835
test-c8-06,wmg1,8,1,gap_bc,-38.77838801535607
test-c8-06,wmg1,8,2,sierra_a_3_0001,-28.31799170933463
test-c8-06,wmg1,8,3,tahoe_0023,-28.069774116624597
test-c8-06,wmg1,8,4,tahoe_0013,-32.80950215202026
test-c8-06,wmg1,8,5,sierra_a_6_0011,-36.237873354057754
test-c8-06,wmg1,8,6,sierra_a_4_0005,-33.93134030090152
test-c8-06,wmg1,8,7,sierra_a_6_0006,-28.7018030002469
test-c4_google_04,mess,4,0,tahoe_0023,4.061157393851557
test-c4_google_04,mess,4,1,tahoe_0013,4.185997940599511
test-c4_google_04,mess,4,2,tahoe_0011,4.094070382504719
test-c4_google_04,mess,4,3,tahoe_0006,4.16607079033521
test-c4_mixed_07,wmg1,4,0,tahoe_0014,-35.981436479791746
test-c4_mixed_07,wmg1,4,1,gap_bc,-47.11105555261961
test-c4_mixed_07,wmg1,4,2,sierra_a_3_0001,-32.8494301757898
test-c4_mixed_07,wmg1,4,3,bark,-35.03929100778681
test-c4_non_google_02,fixedlat,4,0,pop2,-17.67171491114894
test-c4_non_google_02,fixedlat,4,1,bark,-11.226525871868992
test-c4_non_google_02,fixedlat,4,2,xalancbmk,-4.6653898204554105
test-c4_non_google_02,fixedlat,4,3,ligra_cf,-40.041755931204484
test-c8-03,wmg1,8,0,tahoe_0013,-30.302722065340905
test-c8-03,wmg1,8,1,tahoe_0006,-28.630277918003216
test-c8-03,wmg1,8,2,tahoe_0014,-24.90910601554678
test-c8-03,wmg1,8,3,ligra_cf,-39.991387306394245
test-c8-03,wmg1,8,4,bark,-24.79040898907428
test-c8-03,wmg1,8,5,tahoe_0035,-28.39173444868056
test-c8-03,wmg1,8,6,ligra_radii,-26.83401589269607
test-c8-03,wmg1,8,7,tahoe_0011,-25.703085531608963
test-c4_mixed_05,mess,4,0,gcc,27.56027252094379
test-c4_mixed_05,mess,4,1,sierra_a_4_0005,6.042332577904648
test-c4_mixed_05,mess,4,2,tahoe_0016,5.502861384350355
test-c4_mixed_05,mess,4,3,biogpt,-0.16402041217369714
test-c4_non_google_01,md1,4,0,ligra_radii,-12.697679354728171
test-c4_non_google_01,md1,4,1,gap_bc,-19.68513859185241
test-c4_non_google_01,md1,4,2,biogpt,-30.173958471066506
test-c4_non_google_01,md1,4,3,cam4,-4.92876714429343
test-c8-02,fixedlat,8,0,gcc,-44.37163692553609
test-c8-02,fixedlat,8,1,gap_bc,-48.05626496078509
test-c8-02,fixedlat,8,2,tahoe_0023,-32.794255927112715
test-c8-02,fixedlat,8,3,sierra_a_4_0013,-48.33928571480684
test-c8-02,fixedlat,8,4,pop2,-35.58079992275207
test-c8-02,fixedlat,8,5,xalancbmk,-9.522017346286862
test-c8-02,fixedlat,8,6,sierra_a_6_0006,-31.92566480936713
test-c8-02,fixedlat,8,7,sierra_a_6_0001,-31.976190545128535
test-c4_google_04,wmg1,4,0,tahoe_0023,-23.896954080304038
test-c4_google_04,wmg1,4,1,tahoe_0013,-32.70192833185564
test-c4_google_04,wmg1,4,2,tahoe_0011,-27.1059079480239
test-c4_google_04,wmg1,4,3,tahoe_0006,-30.621675497676016
test-c4_non_google_02,wmg1,4,0,pop2,-20.547985555333867
test-c4_non_google_02,wmg1,4,1,bark,-16.892020517662647
test-c4_non_google_02,wmg1,4,2,xalancbmk,-5.4500577209686
test-c4_non_google_02,wmg1,4,3,ligra_cf,-43.470905053875704
test-c8-03,fixedlat,8,0,tahoe_0013,-30.65707090165977
test-c8-03,fixedlat,8,1,tahoe_0006,-28.87251444794078
test-c8-03,fixedlat,8,2,tahoe_0014,-24.617760560430426
test-c8-03,fixedlat,8,3,ligra_cf,-40.05589173598798
test-c8-03,fixedlat,8,4,bark,-17.61476120086335
test-c8-03,fixedlat,8,5,tahoe_0035,-28.837778893017425
test-c8-03,fixedlat,8,6,ligra_radii,-26.442083995845334
test-c8-03,fixedlat,8,7,tahoe_0011,-25.35740674058703
test-c4_mixed_06,wmg1,4,0,tahoe_0035,-42.18983146979485
test-c4_mixed_06,wmg1,4,1,sierra_a_6_0006,-32.48395273349644
test-c4_mixed_06,wmg1,4,2,ligra_radii,-46.196552988068625
test-c4_mixed_06,wmg1,4,3,cam4,-7.401183597972104
test-c8-01,md1,8,0,cam4,-2.1650435161415262
test-c8-01,md1,8,1,tahoe_0010,-4.779280091257917
test-c8-01,md1,8,2,sierra_a_3_0006,-5.8697910150737975
test-c8-01,md1,8,3,sierra_a_4_0005,-6.739363176300911
test-c8-01,md1,8,4,tahoe_0016,-4.365867569940889
test-c8-01,md1,8,5,biogpt,-39.21421459005003
test-c8-01,md1,8,6,sierra_a_6_0011,-10.889019895309673
test-c8-01,md1,8,7,sierra_a_3_0001,-5.717608400389496
test-c8-07,md1,8,0,biogpt,-40.93040326324017
test-c8-07,md1,8,1,ligra_cf,-12.57671975267743
test-c8-07,md1,8,2,gap_bc,-5.391636635928934
test-c8-07,md1,8,3,sierra_a_6_0001,0.3050163534391158
test-c8-07,md1,8,4,sierra_a_6_0011,-8.381409969446617
test-c8-07,md1,8,5,sierra_a_4_0013,-7.018240340310104
test-c8-07,md1,8,6,tahoe_0035,-3.5432970135857147
test-c8-07,md1,8,7,tahoe_0010,-3.858401978288546
test-c8-01,mess,8,0,cam4,-2.7047046928274856
test-c8-01,mess,8,1,tahoe_0010,4.323027085233625
test-c8-01,mess,8,2,sierra_a_3_0006,1.7105126855891548
test-c8-01,mess,8,3,sierra_a_4_0005,4.1758009804261
test-c8-01,mess,8,4,tahoe_0016,2.970331691812837
test-c8-01,mess,8,5,biogpt,-31.861720370306163
test-c8-01,mess,8,6,sierra_a_6_0011,-3.148934279755983
test-c8-01,mess,8,7,sierra_a_3_0001,0.059911758101268794
test-c4_non_google_02,md1,4,0,pop2,-15.672146837274033
test-c4_non_google_02,md1,4,1,bark,-15.204067743694836
test-c4_non_google_02,md1,4,2,xalancbmk,-4.3118651272981845
test-c4_non_google_02,md1,4,3,ligra_cf,-35.5590214530221
test-c8-02,mess,8,0,gcc,-5.299290666350774
test-c8-02,mess,8,1,gap_bc,-6.560088625427408
test-c8-02,mess,8,2,tahoe_0023,-7.978788025620661
test-c8-02,mess,8,3,sierra_a_4_0013,-7.994569349486244
test-c8-02,mess,8,4,pop2,-12.477573712189969
test-c8-02,mess,8,5,xalancbmk,-3.177164363808974
test-c8-02,mess,8,6,sierra_a_6_0006,-7.297705445682581
test-c8-02,mess,8,7,sierra_a_6_0001,-6.805921783994176
test-c4_mixed_08,wmg1,4,0,sierra_a_4_0013,-43.49481107480535
test-c4_mixed_08,wmg1,4,1,tahoe_0010,-30.965979138010336
test-c4_mixed_08,wmg1,4,2,ligra_cf,-46.72246503153279
test-c4_mixed_08,wmg1,4,3,xalancbmk,-5.464244216593071
test-c8-05,mess,8,0,sierra_a_6_0001,-3.3933172999075043
test-c8-05,mess,8,1,tahoe_0035,-3.385031218119279
test-c8-05,mess,8,2,tahoe_0016,-3.5075351928931955
test-c8-05,mess,8,3,sierra_a_4_0005,-4.210881435459352
test-c8-05,mess,8,4,gcc,1.6785337264900393
test-c8-05,mess,8,5,tahoe_0006,-3.3543130922623274
test-c8-05,mess,8,6,sierra_a_3_0006,-5.5818663519200555
test-c8-05,mess,8,7,ligra_radii,-0.27112343329258026
test-c4_google_04,md1,4,0,tahoe_0023,-19.502148948338917
test-c4_google_04,md1,4,1,tahoe_0013,-27.027373203371415
test-c4_google_04,md1,4,2,tahoe_0011,-22.481960910350118
test-c4_google_04,md1,4,3,tahoe_0006,-25.419228797296007
test-c4_google_03,mess,4,0,sierra_a_4_0013,1.8182478142584952
test-c4_google_03,mess,4,1,sierra_a_3_0006,0.5317900465657099
test-c4_google_03,mess,4,2,sierra_a_6_0001,1.866343571458596
test-c4_google_03,mess,4,3,sierra_a_6_0011,0.4516980281173139
test-c8-04,fixedlat,8,0,sierra_a_3_0001,-30.435931977601996
test-c8-04,fixedlat,8,1,cam4,-7.381235194598839
test-c8-04,fixedlat,8,2,sierra_a_4_0013,-47.42134096799366
test-c8-04,fixedlat,8,3,tahoe_0014,-34.78370228208106
test-c8-04,fixedlat,8,4,xalancbmk,-7.654132421601572
test-c8-04,fixedlat,8,5,tahoe_0011,-33.92282775916754
test-c8-04,fixedlat,8,6,tahoe_0010,-40.1413410991362
test-c8-04,fixedlat,8,7,pop2,-30.712338837632018
test-c8-01,fixedlat,8,0,cam4,-3.550661196179021
test-c8-01,fixedlat,8,1,tahoe_0010,-14.389687939769225
test-c8-01,fixedlat,8,2,sierra_a_3_0006,-13.156249942910739
test-c8-01,fixedlat,8,3,sierra_a_4_0005,-15.157491542240127
test-c8-01,fixedlat,8,4,tahoe_0016,-11.190876795435145
test-c8-01,fixedlat,8,5,biogpt,-46.61065682843999
test-c8-01,fixedlat,8,6,sierra_a_6_0011,-19.484413768347757
test-c8-01,fixedlat,8,7,sierra_a_3_0001,-12.247404879054319
test-c4_google_03,md1,4,0,sierra_a_4_0013,-35.294152371946275
test-c4_google_03,md1,4,1,sierra_a_3_0006,-24.026522328038755
test-c4_google_03,md1,4,2,sierra_a_6_0001,-21.003103135093692
test-c4_google_03,md1,4,3,sierra_a_6_0011,-28.425373476063285
test-c4_mixed_08,mess,4,0,sierra_a_4_0013,1.9894924016930808
test-c4_mixed_08,mess,4,1,tahoe_0010,4.544822484308494
test-c4_mixed_08,mess,4,2,ligra_cf,-5.890392280922297
test-c4_mixed_08,mess,4,3,xalancbmk,0.6779764133118156
test-c8-08,mess,8,0,ligra_radii,12.973893313438346
test-c8-08,mess,8,1,biogpt,-22.73229810801521
test-c8-08,mess,8,2,pop2,6.427883225108178
test-c8-08,mess,8,3,sierra_a_6_0006,7.387162045836081
test-c8-08,mess,8,4,sierra_a_3_0006,8.020050459427132
test-c8-08,mess,8,5,bark,-13.273987803543463
test-c8-08,mess,8,6,cam4,-2.0499201604113924
test-c8-08,mess,8,7,ligra_cf,1.1746523113742093
test-c4_mixed_07,fixedlat,4,0,tahoe_0014,-33.5349961803172
test-c4_mixed_07,fixedlat,4,1,gap_bc,-44.04925304256321
test-c4_mixed_07,fixedlat,4,2,sierra_a_3_0001,-30.195397023036165
test-c4_mixed_07,fixedlat,4,3,bark,-27.606862736600274
test-c4_mixed_08,fixedlat,4,0,sierra_a_4_0013,-42.97583157009786
test-c4_mixed_08,fixedlat,4,1,tahoe_0010,-30.57032319744905
test-c4_mixed_08,fixedlat,4,2,ligra_cf,-45.67801694118473
test-c4_mixed_08,fixedlat,4,3,xalancbmk,-5.17833839253379
test-c4_mixed_06,fixedlat,4,0,tahoe_0035,-41.95594400710413
test-c4_mixed_06,fixedlat,4,1,sierra_a_6_0006,-31.821258058891637
test-c4_mixed_06,fixedlat,4,2,ligra_radii,-45.84819792232582
test-c4_mixed_06,fixedlat,4,3,cam4,-6.970095093911964
test-c8-04,wmg1,8,0,sierra_a_3_0001,-30.279720557610098
test-c8-04,wmg1,8,1,cam4,-7.681640691461089
test-c8-04,wmg1,8,2,sierra_a_4_0013,-46.744193161864715
test-c8-04,wmg1,8,3,tahoe_0014,-34.57115267238915
test-c8-04,wmg1,8,4,xalancbmk,-7.752091855998868
test-c8-04,wmg1,8,5,tahoe_0011,-33.42200495151857
test-c8-04,wmg1,8,6,tahoe_0010,-39.77547846883379
test-c8-04,wmg1,8,7,pop2,-30.98498850022595
test-c8-07,fixedlat,8,0,biogpt,-47.00288176596129
test-c8-07,fixedlat,8,1,ligra_cf,-20.13455007783191
test-c8-07,fixedlat,8,2,gap_bc,-14.79669735197539
test-c8-07,fixedlat,8,3,sierra_a_6_0001,-8.138047124382528
test-c8-07,fixedlat,8,4,sierra_a_6_0011,-16.330243182792916
test-c8-07,fixedlat,8,5,sierra_a_4_0013,-15.922374064310668
test-c8-07,fixedlat,8,6,tahoe_0035,-11.781602029946981
test-c8-07,fixedlat,8,7,tahoe_0010,-12.133912889463994
test-c8-04,md1,8,0,sierra_a_3_0001,-23.50810404175389
test-c8-04,md1,8,1,cam4,-6.658468274005336
test-c8-04,md1,8,2,sierra_a_4_0013,-34.59018146813263
test-c8-04,md1,8,3,tahoe_0014,-26.121620247128945
test-c8-04,md1,8,4,xalancbmk,-5.525145790965918
test-c8-04,md1,8,5,tahoe_0011,-25.026624632192465
test-c8-04,md1,8,6,tahoe_0010,-28.819983425462553
test-c8-04,md1,8,7,pop2,-22.908284961421195
test-c8-02,md1,8,0,gcc,-30.569598694044352
test-c8-02,md1,8,1,gap_bc,-34.252836258571215
test-c8-02,md1,8,2,tahoe_0023,-23.994217256890824
test-c8-02,md1,8,3,sierra_a_4_0013,-35.05288952313772
test-c8-02,md1,8,4,pop2,-27.414091686712737
test-c8-02,md1,8,5,xalancbmk,-7.399333218867957
test-c8-02,md1,8,6,sierra_a_6_0006,-23.24865320940478
test-c8-02,md1,8,7,sierra_a_6_0001,-23.433272476613947
test-c8-04,mess,8,0,sierra_a_3_0001,0.5070829217177223
test-c8-04,mess,8,1,cam4,-4.651427187695447
test-c8-04,mess,8,2,sierra_a_4_0013,-2.0672054499666306
test-c8-04,mess,8,3,tahoe_0014,1.5320760225604366
test-c8-04,mess,8,4,xalancbmk,-0.1827463294661931
test-c8-04,mess,8,5,tahoe_0011,0.20221028582924597
test-c8-04,mess,8,6,tahoe_0010,-1.4625712503540158
test-c8-04,mess,8,7,pop2,-1.1494606482092995
test-c8-05,md1,8,0,sierra_a_6_0001,-19.024774282597264
test-c8-05,md1,8,1,tahoe_0035,-23.082819081421412
test-c8-05,md1,8,2,tahoe_0016,-19.86743997735519
test-c8-05,md1,8,3,sierra_a_4_0005,-23.820903470794736
test-c8-05,md1,8,4,gcc,-23.63948180051263
test-c8-05,md1,8,5,tahoe_0006,-23.513414505974332
test-c8-05,md1,8,6,sierra_a_3_0006,-22.160540303101907
test-c8-05,md1,8,7,ligra_radii,-23.98584703056409
test-c4_google_04,fixedlat,4,0,tahoe_0023,-22.85461555070336
test-c4_google_04,fixedlat,4,1,tahoe_0013,-31.554703255175905
test-c4_google_04,fixedlat,4,2,tahoe_0011,-26.202186653198975
test-c4_google_04,fixedlat,4,3,tahoe_0006,-29.56715137375044
test-c8-03,md1,8,0,tahoe_0013,-16.09438866908132
test-c8-03,md1,8,1,tahoe_0006,-15.224370540775606
test-c8-03,md1,8,2,tahoe_0014,-12.42144884762955
test-c8-03,md1,8,3,ligra_cf,-24.418201196133168
test-c8-03,md1,8,4,bark,-24.31455472883937
test-c8-03,md1,8,5,tahoe_0035,-15.5157295005096
test-c8-03,md1,8,6,ligra_radii,-10.734521181166961
test-c8-03,md1,8,7,tahoe_0011,-13.672163657356975
test-c8-05,wmg1,8,0,sierra_a_6_0001,-27.861407147377157
test-c8-05,wmg1,8,1,tahoe_0035,-33.87959661359181
test-c8-05,wmg1,8,2,tahoe_0016,-29.466303830968776
test-c8-05,wmg1,8,3,sierra_a_4_0005,-34.964408086229355
test-c8-05,wmg1,8,4,gcc,-37.229005990327394
test-c8-05,wmg1,8,5,tahoe_0006,-34.3218828544139
test-c8-05,wmg1,8,6,sierra_a_3_0006,-31.54918704075251
test-c8-05,wmg1,8,7,ligra_radii,-36.13768630221346
test-c4_mixed_06,mess,4,0,tahoe_0035,-2.6220670134302826
test-c4_mixed_06,mess,4,1,sierra_a_6_0006,-3.228163750597956
test-c4_mixed_06,mess,4,2,ligra_radii,-8.874588026824267
test-c4_mixed_06,mess,4,3,cam4,-4.5664435894689595
test-c8-01,wmg1,8,0,cam4,-3.603292462880549
test-c8-01,wmg1,8,1,tahoe_0010,-11.323177394516598
test-c8-01,wmg1,8,2,sierra_a_3_0006,-11.283375397265141
test-c8-01,wmg1,8,3,sierra_a_4_0005,-12.787591851180222
test-c8-01,wmg1,8,4,tahoe_0016,-8.881493351142904
test-c8-01,wmg1,8,5,biogpt,-44.40840614689107
test-c8-01,wmg1,8,6,sierra_a_6_0011,-17.665301844497197
test-c8-01,wmg1,8,7,sierra_a_3_0001,-11.156150797563862
test-c4_mixed_07,mess,4,0,tahoe_0014,-4.662426923519105
test-c4_mixed_07,mess,4,1,gap_bc,-0.24498183229725634
test-c4_mixed_07,mess,4,2,sierra_a_3_0001,-3.6372426504744477
test-c4_mixed_07,mess,4,3,bark,-21.846363731335316
test-c8-06,mess,8,0,bark,-29.489230746524942
test-c8-06,mess,8,1,gap_bc,-9.814758364661746
test-c8-06,mess,8,2,sierra_a_3_0001,-9.026505588252254
test-c8-06,mess,8,3,tahoe_0023,-10.15438180486745
test-c8-06,mess,8,4,tahoe_0013,-9.273973006824937
test-c8-06,mess,8,5,sierra_a_6_0011,-13.440680825249906
test-c8-06,mess,8,6,sierra_a_4_0005,-9.041038448481105
test-c8-06,mess,8,7,sierra_a_6_0006,-9.607682833416616
test-c4_google_03,wmg1,4,0,sierra_a_4_0013,-44.57819517992767
test-c4_google_03,wmg1,4,1,sierra_a_3_0006,-30.738662491926068
test-c4_google_03,wmg1,4,2,sierra_a_6_0001,-27.44025124884654
test-c4_google_03,wmg1,4,3,sierra_a_6_0011,-36.107941741362794
test-c4_mixed_06,md1,4,0,tahoe_0035,-39.10133330101508
test-c4_mixed_06,md1,4,1,sierra_a_6_0006,-28.86930484358283
test-c4_mixed_06,md1,4,2,ligra_radii,-41.511546775332555
test-c4_mixed_06,md1,4,3,cam4,-6.871456198915153
test-c8-07,mess,8,0,biogpt,-36.556248577127555
test-c8-07,mess,8,1,ligra_cf,-5.728854598222337
test-c8-07,mess,8,2,gap_bc,1.4598465271394676
test-c8-07,mess,8,3,sierra_a_6_0001,1.9398893256451464
test-c8-07,mess,8,4,sierra_a_6_0011,-3.682216944348355
test-c8-07,mess,8,5,sierra_a_4_0013,0.18953352658140493
test-c8-07,mess,8,6,tahoe_0035,1.3199502193900738
test-c8-07,mess,8,7,tahoe_0010,1.4284744560324463
test-c4_mixed_05,fixedlat,4,0,gcc,-6.134148896817887
test-c4_mixed_05,fixedlat,4,1,sierra_a_4_0005,-19.244597675141872
test-c4_mixed_05,fixedlat,4,2,tahoe_0016,-15.144382020317728
test-c4_mixed_05,fixedlat,4,3,biogpt,-29.493053023717135
test-c8-02,wmg1,8,0,gcc,-42.932095479513094
test-c8-02,wmg1,8,1,gap_bc,-47.21444699646492
test-c8-02,wmg1,8,2,tahoe_0023,-32.124139839200225
test-c8-02,wmg1,8,3,sierra_a_4_0013,-47.342121050408906
test-c8-02,wmg1,8,4,pop2,-35.1120042852309
test-c8-02,wmg1,8,5,xalancbmk,-9.91816538321348
test-c8-02,wmg1,8,6,sierra_a_6_0006,-31.421923130699255
test-c8-02,wmg1,8,7,sierra_a_6_0001,-31.693387447670844
test-c8-08,wmg1,8,0,ligra_radii,-5.40121548092363
test-c8-08,wmg1,8,1,biogpt,-39.467549023336474
test-c8-08,wmg1,8,2,pop2,-5.798184916026288
test-c8-08,wmg1,8,3,sierra_a_6_0006,-5.9084860510867
test-c8-08,wmg1,8,4,sierra_a_3_0006,-7.514242352489197
test-c8-08,wmg1,8,5,bark,-17.018949542270928
test-c8-08,wmg1,8,6,cam4,-2.6910922534477466
test-c8-08,wmg1,8,7,ligra_cf,-17.525196179362734
test-c8-05,fixedlat,8,0,sierra_a_6_0001,-27.536359460575106
test-c8-05,fixedlat,8,1,tahoe_0035,-34.16746487903524
test-c8-05,fixedlat,8,2,tahoe_0016,-29.689193980610824
test-c8-05,fixedlat,8,3,sierra_a_4_0005,-35.226533634068865
test-c8-05,fixedlat,8,4,gcc,-37.96547345366739
test-c8-05,fixedlat,8,5,tahoe_0006,-34.317979709465504
test-c8-05,fixedlat,8,6,sierra_a_3_0006,-31.302078526317967
test-c8-05,fixedlat,8,7,ligra_radii,-36.23836987398197
test-c4_non_google_01,wmg1,4,0,ligra_radii,-21.593879363720376
test-c4_non_google_01,wmg1,4,1,gap_bc,-32.147814124724206
test-c4_non_google_01,wmg1,4,2,biogpt,-40.70397751292149
test-c4_non_google_01,wmg1,4,3,cam4,-6.263516953690113
test-c4_non_google_01,fixedlat,4,0,ligra_radii,-22.647607080960103
test-c4_non_google_01,fixedlat,4,1,gap_bc,-34.31012720561283
test-c4_non_google_01,fixedlat,4,2,biogpt,-41.67678229417475
test-c4_non_google_01,fixedlat,4,3,cam4,-5.852779337176489
test-c4_mixed_07,md1,4,0,tahoe_0014,-27.423303100846
test-c4_mixed_07,md1,4,1,gap_bc,-35.799550135867605
test-c4_mixed_07,md1,4,2,sierra_a_3_0001,-25.335184675251845
test-c4_mixed_07,md1,4,3,bark,-33.198455229623896
test-c4_google_03,fixedlat,4,0,sierra_a_4_0013,-43.60950310538054
test-c4_google_03,fixedlat,4,1,sierra_a_3_0006,-29.688791699196866
test-c4_google_03,fixedlat,4,2,sierra_a_6_0001,-26.610488513471704
test-c4_google_03,fixedlat,4,3,sierra_a_6_0011,-35.16605395231604
test-c4_mixed_05,wmg1,4,0,gcc,-5.029685518520911
test-c4_mixed_05,wmg1,4,1,sierra_a_4_0005,-18.873495105690193
test-c4_mixed_05,wmg1,4,2,tahoe_0016,-14.694056268522685
test-c4_mixed_05,wmg1,4,3,biogpt,-28.558827808658023
test-c8-07,wmg1,8,0,biogpt,-45.376608090539946
test-c8-07,wmg1,8,1,ligra_cf,-17.59540708583766
test-c8-07,wmg1,8,2,gap_bc,-11.39433068074675
test-c8-07,wmg1,8,3,sierra_a_6_0001,-6.922192462701151
test-c8-07,wmg1,8,4,sierra_a_6_0011,-14.347765022135858
test-c8-07,wmg1,8,5,sierra_a_4_0013,-12.88286298236413
test-c8-07,wmg1,8,6,tahoe_0035,-9.695263013078293
test-c8-07,wmg1,8,7,tahoe_0010,-9.948880397673815
test-c8-06,md1,8,0,bark,-37.776340236341056
test-c8-06,md1,8,1,gap_bc,-23.51728669201609
test-c8-06,md1,8,2,sierra_a_3_0001,-17.213601181901385
test-c8-06,md1,8,3,tahoe_0023,-17.472337937194713
test-c8-06,md1,8,4,tahoe_0013,-19.753150173409164
test-c8-06,md1,8,5,sierra_a_6_0011,-24.22934871603546
test-c8-06,md1,8,6,sierra_a_4_0005,-20.279925933488883
test-c8-06,md1,8,7,sierra_a_6_0006,-17.961642965288963
test-c4_non_google_01,mess,4,0,ligra_radii,1.8344134275595032
test-c4_non_google_01,mess,4,1,gap_bc,1.0663416417761942
test-c4_non_google_01,mess,4,2,biogpt,-12.237127091147798
test-c4_non_google_01,mess,4,3,cam4,-4.358284190157278
test-c8-08,md1,8,0,ligra_radii,4.339703141045931
test-c8-08,md1,8,1,biogpt,-32.75470308207533
test-c8-08,md1,8,2,pop2,0.26257052827931465
test-c8-08,md1,8,3,sierra_a_6_0006,0.3304177971216863
test-c8-08,md1,8,4,sierra_a_3_0006,-0.6453150058656151
test-c8-08,md1,8,5,bark,-19.909636469113114
test-c8-08,md1,8,6,cam4,-1.5244503459715506
test-c8-08,md1,8,7,ligra_cf,-10.636134587244726
test-c8-03,mess,8,0,tahoe_0013,-3.4840563678273733
test-c8-03,mess,8,1,tahoe_0006,-3.2091008180691216
test-c8-03,mess,8,2,tahoe_0014,-1.2069978709397868
test-c8-03,mess,8,3,ligra_cf,-8.184914440094833
test-c8-03,mess,8,4,bark,-16.27536178447574
test-c8-03,mess,8,5,tahoe_0035,-2.892397642125988
test-c8-03,mess,8,6,ligra_radii,3.539709676210161
test-c8-03,mess,8,7,tahoe_0011,-1.6805300518130208
test-c4_mixed_08,md1,4,0,sierra_a_4_0013,-35.117463107399246
test-c4_mixed_08,md1,4,1,tahoe_0010,-24.125228789851022
test-c4_mixed_08,md1,4,2,ligra_cf,-39.31018665298503
test-c4_mixed_08,md1,4,3,xalancbmk,-4.255469200590164
test-c8-08,fixedlat,8,0,ligra_radii,-7.993129771224916
test-c8-08,fixedlat,8,1,biogpt,-41.41214397316237
test-c8-08,fixedlat,8,2,pop2,-7.309698537959059
test-c8-08,fixedlat,8,3,sierra_a_6_0006,-7.594352590366652
test-c8-08,fixedlat,8,4,sierra_a_3_0006,-9.246989183374023
test-c8-08,fixedlat,8,5,bark,-12.75135621203994
test-c8-08,fixedlat,8,6,cam4,-2.8008364851430776
test-c8-08,fixedlat,8,7,ligra_cf,-22.011712577824976
test-c4_non_google_02,mess,4,0,pop2,7.013620562480199
test-c4_non_google_02,mess,4,1,bark,-2.8082575120858704
test-c4_non_google_02,mess,4,2,xalancbmk,0.9835159877581312
test-c4_non_google_02,mess,4,3,ligra_cf,-0.08652602767860706
test-c4_google_03,astra_single_core,4,0,sierra_a_4_0013,-2.821310982014636
test-c4_google_03,astra_single_core,4,1,sierra_a_3_0006,3.3260070866182327
test-c4_google_03,astra_single_core,4,2,sierra_a_6_0001,1.5578034198571926
test-c4_google_03,astra_single_core,4,3,sierra_a_6_0011,0.6704919382841676
test-c4_google_04,astra_single_core,4,0,tahoe_0023,1.1822142729909206
test-c4_google_04,astra_single_core,4,1,tahoe_0013,1.5549361541547864
test-c4_google_04,astra_single_core,4,2,tahoe_0011,1.6729849588889112
test-c4_google_04,astra_single_core,4,3,tahoe_0006,1.406099587234943
test-c4_mixed_05,astra_single_core,4,0,gcc,9.798448920469196
test-c4_mixed_05,astra_single_core,4,1,sierra_a_4_0005,-1.3618214998917122
test-c4_mixed_05,astra_single_core,4,2,tahoe_0016,-1.152200885629972
test-c4_mixed_05,astra_single_core,4,3,biogpt,12.598092893091971
test-c4_mixed_06,astra_single_core,4,0,tahoe_0035,-11.122325784464275
test-c4_mixed_06,astra_single_core,4,1,sierra_a_6_0006,-8.204537498259281
test-c4_mixed_06,astra_single_core,4,2,ligra_radii,-1.0396247307622262
test-c4_mixed_06,astra_single_core,4,3,cam4,-0.43805124958932695
test-c4_mixed_07,astra_single_core,4,0,tahoe_0014,-4.037168676452383
test-c4_mixed_07,astra_single_core,4,1,gap_bc,-3.1755343297283773
test-c4_mixed_07,astra_single_core,4,2,sierra_a_3_0001,-5.881685462263445
test-c4_mixed_07,astra_single_core,4,3,bark,12.731969885599767
test-c4_mixed_08,astra_single_core,4,0,sierra_a_4_0013,-2.355736769809225
test-c4_mixed_08,astra_single_core,4,1,tahoe_0010,3.5728287296036116
test-c4_mixed_08,astra_single_core,4,2,ligra_cf,-1.6573153345114855
test-c4_mixed_08,astra_single_core,4,3,xalancbmk,0.28898306363010046
test-c4_non_google_01,astra_single_core,4,0,ligra_radii,-5.336422081447992
test-c4_non_google_01,astra_single_core,4,1,gap_bc,-15.226812150030163
test-c4_non_google_01,astra_single_core,4,2,biogpt,20.580959621423283
test-c4_non_google_01,astra_single_core,4,3,cam4,-2.871793160793203
test-c4_non_google_02,astra_single_core,4,0,pop2,-0.30381134668376936
test-c4_non_google_02,astra_single_core,4,1,bark,9.497247781520588
test-c4_non_google_02,astra_single_core,4,2,xalancbmk,0.07573345674855407
test-c4_non_google_02,astra_single_core,4,3,ligra_cf,-3.1012835916138153
test-c8-01,astra_single_core,8,0,cam4,-2.2085638952900526
test-c8-01,astra_single_core,8,1,tahoe_0010,-9.62037503650691
test-c8-01,astra_single_core,8,2,sierra_a_3_0006,-7.660761500043946
test-c8-01,astra_single_core,8,3,sierra_a_4_0005,-9.013880477264026
test-c8-01,astra_single_core,8,4,tahoe_0016,-8.178618952078516
test-c8-01,astra_single_core,8,5,biogpt,-11.70534542952034
test-c8-01,astra_single_core,8,6,sierra_a_6_0011,-11.929272846291338
test-c8-01,astra_single_core,8,7,sierra_a_3_0001,-8.486339075782414
test-c8-02,astra_single_core,8,0,gcc,8.814735161361346
test-c8-02,astra_single_core,8,1,gap_bc,-5.021848761895833
test-c8-02,astra_single_core,8,2,tahoe_0023,-5.807719578157505
test-c8-02,astra_single_core,8,3,sierra_a_4_0013,-12.594763255153326
test-c8-02,astra_single_core,8,4,pop2,-3.4580856853242117
test-c8-02,astra_single_core,8,5,xalancbmk,-3.442166400086121
test-c8-02,astra_single_core,8,6,sierra_a_6_0006,-6.224585450621258
test-c8-02,astra_single_core,8,7,sierra_a_6_0001,-5.517816564567305
test-c8-03,astra_single_core,8,0,tahoe_0013,-3.7068819319005275
test-c8-03,astra_single_core,8,1,tahoe_0006,-2.7009620494510598
test-c8-03,astra_single_core,8,2,tahoe_0014,-0.5116473633544868
test-c8-03,astra_single_core,8,3,ligra_cf,-1.8502224722451783
test-c8-03,astra_single_core,8,4,bark,2.3075002189021285
test-c8-03,astra_single_core,8,5,tahoe_0035,-3.1300815598193084
test-c8-03,astra_single_core,8,6,ligra_radii,8.381753055384342
test-c8-03,astra_single_core,8,7,tahoe_0011,-0.8336493452449477
test-c8-04,astra_single_core,8,0,sierra_a_3_0001,-7.950075162596286
test-c8-04,astra_single_core,8,1,cam4,-1.9698476060895662
test-c8-04,astra_single_core,8,2,sierra_a_4_0013,-16.355193750633685
test-c8-04,astra_single_core,8,3,tahoe_0014,-6.127647145473435
test-c8-04,astra_single_core,8,4,xalancbmk,-2.8456166467703454
test-c8-04,astra_single_core,8,5,tahoe_0011,-6.451436929810542
test-c8-04,astra_single_core,8,6,tahoe_0010,-7.9973474765553485
test-c8-04,astra_single_core,8,7,pop2,-2.7988908946893276
test-c8-05,astra_single_core,8,0,sierra_a_6_0001,-3.072021555116352
test-c8-05,astra_single_core,8,1,tahoe_0035,-2.6547509128435514
test-c8-05,astra_single_core,8,2,tahoe_0016,-2.362012415663901
test-c8-05,astra_single_core,8,3,sierra_a_4_0005,-3.215291373388945
test-c8-05,astra_single_core,8,4,gcc,11.461119619157918
test-c8-05,astra_single_core,8,5,tahoe_0006,-2.475436621761339
test-c8-05,astra_single_core,8,6,sierra_a_3_0006,-2.4653406612512785
test-c8-05,astra_single_core,8,7,ligra_radii,8.299838594565715
test-c8-06,astra_single_core,8,0,bark,-1.0858429464484847
test-c8-06,astra_single_core,8,1,gap_bc,-8.078141724582784
test-c8-06,astra_single_core,8,2,sierra_a_3_0001,-9.861913757085462
test-c8-06,astra_single_core,8,3,tahoe_0023,-9.586306977143424
test-c8-06,astra_single_core,8,4,tahoe_0013,-9.406898278965835
test-c8-06,astra_single_core,8,5,sierra_a_6_0011,-12.866844561117707
test-c8-06,astra_single_core,8,6,sierra_a_4_0005,-9.271265788057566
test-c8-06,astra_single_core,8,7,sierra_a_6_0006,-9.971675093879602
test-c8-07,astra_single_core,8,0,biogpt,-12.8266236135111
test-c8-07,astra_single_core,8,1,ligra_cf,-11.12840666502092
test-c8-07,astra_single_core,8,2,gap_bc,-9.193942047765583
test-c8-07,astra_single_core,8,3,sierra_a_6_0001,-9.901299555825217
test-c8-07,astra_single_core,8,4,sierra_a_6_0011,-12.591538715260468
test-c8-07,astra_single_core,8,5,sierra_a_4_0013,-13.908837347037357
test-c8-07,astra_single_core,8,6,tahoe_0035,-10.202743261149717
test-c8-07,astra_single_core,8,7,tahoe_0010,-10.11145412961807
test-c8-08,astra_single_core,8,0,ligra_radii,2.7665107725077522
test-c8-08,astra_single_core,8,1,biogpt,-10.950412235495559
test-c8-08,astra_single_core,8,2,pop2,-0.23814229205518933
test-c8-08,astra_single_core,8,3,sierra_a_6_0006,-3.2397871172019017
test-c8-08,astra_single_core,8,4,sierra_a_3_0006,-3.4839467696598
test-c8-08,astra_single_core,8,5,bark,-5.148761142966604
test-c8-08,astra_single_core,8,6,cam4,-1.5104396950606471
test-c8-08,astra_single_core,8,7,ligra_cf,-7.531819919957432
test-c4_google_03,astra_multicore,4,0,sierra_a_4_0013,-2.060104588384578
test-c4_google_03,astra_multicore,4,1,sierra_a_3_0006,3.714822852113634
test-c4_google_03,astra_multicore,4,2,sierra_a_6_0001,1.9994357790132729
test-c4_google_03,astra_multicore,4,3,sierra_a_6_0011,1.4240135947910277
test-c4_google_04,astra_multicore,4,0,tahoe_0023,1.363051167394301
test-c4_google_04,astra_multicore,4,1,tahoe_0013,1.4706458410005105
test-c4_google_04,astra_multicore,4,2,tahoe_0011,1.9052918689163512
test-c4_google_04,astra_multicore,4,3,tahoe_0006,1.578128886332265
test-c4_mixed_05,astra_multicore,4,0,gcc,6.350321119539402
test-c4_mixed_05,astra_multicore,4,1,sierra_a_4_0005,-0.7154307092653717
test-c4_mixed_05,astra_multicore,4,2,tahoe_0016,-0.6432970901988815
test-c4_mixed_05,astra_multicore,4,3,biogpt,6.99164648380222
test-c4_mixed_06,astra_multicore,4,0,tahoe_0035,-8.895050782197258
test-c4_mixed_06,astra_multicore,4,1,sierra_a_6_0006,-6.972604286730175
test-c4_mixed_06,astra_multicore,4,2,ligra_radii,-0.026760486537534992
test-c4_mixed_06,astra_multicore,4,3,cam4,-0.44467015583312175
test-c4_mixed_07,astra_multicore,4,0,tahoe_0014,-3.189960045007931
test-c4_mixed_07,astra_multicore,4,1,gap_bc,-2.217623052863483
test-c4_mixed_07,astra_multicore,4,2,sierra_a_3_0001,-5.136581634452485
test-c4_mixed_07,astra_multicore,4,3,bark,12.54421678244157
test-c4_mixed_08,astra_multicore,4,0,sierra_a_4_0013,-1.7926624383403893
test-c4_mixed_08,astra_multicore,4,1,tahoe_0010,3.8466425386277328
test-c4_mixed_08,astra_multicore,4,2,ligra_cf,-1.3884470519071113
test-c4_mixed_08,astra_multicore,4,3,xalancbmk,0.3483838766569737
test-c4_non_google_01,astra_multicore,4,0,ligra_radii,-2.8315143550971476
test-c4_non_google_01,astra_multicore,4,1,gap_bc,-9.788246689300838
test-c4_non_google_01,astra_multicore,4,2,biogpt,18.230581957021517
test-c4_non_google_01,astra_multicore,4,3,cam4,-2.4294182160742737
test-c4_non_google_02,astra_multicore,4,0,pop2,-0.740301439378275
test-c4_non_google_02,astra_multicore,4,1,bark,7.930851720322949
test-c4_non_google_02,astra_multicore,4,2,xalancbmk,0.23288101634553693
test-c4_non_google_02,astra_multicore,4,3,ligra_cf,-3.752562234506633
test-c8-01,astra_multicore,8,0,cam4,-1.4924481336240907
test-c8-01,astra_multicore,8,1,tahoe_0010,-1.259609434259182
test-c8-01,astra_multicore,8,2,sierra_a_3_0006,-1.8537432997505259
test-c8-01,astra_multicore,8,3,sierra_a_4_0005,-2.325342470908601
test-c8-01,astra_multicore,8,4,tahoe_0016,-0.3173200079276958
test-c8-01,astra_multicore,8,5,biogpt,-10.598790146260793
test-c8-01,astra_multicore,8,6,sierra_a_6_0011,-6.355670172211273
test-c8-01,astra_multicore,8,7,sierra_a_3_0001,-3.995731283365216
test-c8-02,astra_multicore,8,0,gcc,9.870243212247033
test-c8-02,astra_multicore,8,1,gap_bc,-3.541909139798395
test-c8-02,astra_multicore,8,2,tahoe_0023,-4.71825864151885
test-c8-02,astra_multicore,8,3,sierra_a_4_0013,-10.934171052300455
test-c8-02,astra_multicore,8,4,pop2,-2.741123836859589
test-c8-02,astra_multicore,8,5,xalancbmk,-2.8378004680952458
test-c8-02,astra_multicore,8,6,sierra_a_6_0006,-5.016183513709607
test-c8-02,astra_multicore,8,7,sierra_a_6_0001,-4.653944765472996
test-c8-03,astra_multicore,8,0,tahoe_0013,-2.147354688401187
test-c8-03,astra_multicore,8,1,tahoe_0006,-1.3154806870583517
test-c8-03,astra_multicore,8,2,tahoe_0014,0.37863725486997163
test-c8-03,astra_multicore,8,3,ligra_cf,-0.4610222423380757
test-c8-03,astra_multicore,8,4,bark,1.0120973469716945
test-c8-03,astra_multicore,8,5,tahoe_0035,-1.350872883455752
test-c8-03,astra_multicore,8,6,ligra_radii,8.821395306022417
test-c8-03,astra_multicore,8,7,tahoe_0011,0.046082329704252314
test-c8-04,astra_multicore,8,0,sierra_a_3_0001,-5.088405748259293
test-c8-04,astra_multicore,8,1,cam4,-1.693446412064545
test-c8-04,astra_multicore,8,2,sierra_a_4_0013,-12.881184598510577
test-c8-04,astra_multicore,8,3,tahoe_0014,-3.429707614400196
test-c8-04,astra_multicore,8,4,xalancbmk,-1.7362045908064165
test-c8-04,astra_multicore,8,5,tahoe_0011,-3.33789677135975
test-c8-04,astra_multicore,8,6,tahoe_0010,-4.5156335696763605
test-c8-04,astra_multicore,8,7,pop2,-0.32087226255851004
test-c8-05,astra_multicore,8,0,sierra_a_6_0001,-2.1432921123780146
test-c8-05,astra_multicore,8,1,tahoe_0035,-1.9537495757737056
test-c8-05,astra_multicore,8,2,tahoe_0016,-1.6750927960908715
test-c8-05,astra_multicore,8,3,sierra_a_4_0005,-2.3040133962207374
test-c8-05,astra_multicore,8,4,gcc,12.033429728570677
test-c8-05,astra_multicore,8,5,tahoe_0006,-1.6411340665710468
test-c8-05,astra_multicore,8,6,sierra_a_3_0006,-1.6377521301500728
test-c8-05,astra_multicore,8,7,ligra_radii,7.872968703729144
test-c8-06,astra_multicore,8,0,bark,-0.6190962665401267
test-c8-06,astra_multicore,8,1,gap_bc,-5.02750063351218
test-c8-06,astra_multicore,8,2,sierra_a_3_0001,-7.484468724911414
test-c8-06,astra_multicore,8,3,tahoe_0023,-7.122077880274569
test-c8-06,astra_multicore,8,4,tahoe_0013,-6.453837873272921
test-c8-06,astra_multicore,8,5,sierra_a_6_0011,-9.964589542982639
test-c8-06,astra_multicore,8,6,sierra_a_4_0005,-6.565679654350784
test-c8-06,astra_multicore,8,7,sierra_a_6_0006,-7.276648203582764
test-c8-07,astra_multicore,8,0,biogpt,-15.152329344026013
test-c8-07,astra_multicore,8,1,ligra_cf,-6.215450497753299
test-c8-07,astra_multicore,8,2,gap_bc,-4.229292799534812
test-c8-07,astra_multicore,8,3,sierra_a_6_0001,-5.1588361475724
test-c8-07,astra_multicore,8,4,sierra_a_6_0011,-7.7704817131045
test-c8-07,astra_multicore,8,5,sierra_a_4_0013,-8.237717934099111
test-c8-07,astra_multicore,8,6,tahoe_0035,-5.716686477339654
test-c8-07,astra_multicore,8,7,tahoe_0010,-5.217774319416629
test-c8-08,astra_multicore,8,0,ligra_radii,6.2561898927334045
test-c8-08,astra_multicore,8,1,biogpt,-9.294086388779416
test-c8-08,astra_multicore,8,2,pop2,4.588657111631758
test-c8-08,astra_multicore,8,3,sierra_a_6_0006,2.620129346510237
test-c8-08,astra_multicore,8,4,sierra_a_3_0006,2.9669054209986228
test-c8-08,astra_multicore,8,5,bark,-4.5415877573775365
test-c8-08,astra_multicore,8,6,cam4,-0.8892186985161383
test-c8-08,astra_multicore,8,7,ligra_cf,-1.2163480063551841
test-c4_google_03,deepseek_single_core,4,0,sierra_a_4_0013,-3.1652854511970534
test-c4_google_03,deepseek_single_core,4,1,sierra_a_3_0006,0.9367466216834041
test-c4_google_03,deepseek_single_core,4,2,sierra_a_6_0001,0.8757937206947859
test-c4_google_03,deepseek_single_core,4,3,sierra_a_6_0011,-1.2011477185884838
test-c4_google_04,deepseek_single_core,4,0,tahoe_0023,-0.3888913957299617
test-c4_google_04,deepseek_single_core,4,1,tahoe_0013,0.01902529148722615
test-c4_google_04,deepseek_single_core,4,2,tahoe_0011,1.097479572180079
test-c4_google_04,deepseek_single_core,4,3,tahoe_0006,-0.037006422709237936
test-c4_mixed_05,deepseek_single_core,4,0,gcc,21.718374835105998
test-c4_mixed_05,deepseek_single_core,4,1,sierra_a_4_0005,8.184761695935165
test-c4_mixed_05,deepseek_single_core,4,2,tahoe_0016,6.92094930861622
test-c4_mixed_05,deepseek_single_core,4,3,biogpt,17.34649530929049
test-c4_mixed_06,deepseek_single_core,4,0,tahoe_0035,-2.2901431084904806
test-c4_mixed_06,deepseek_single_core,4,1,sierra_a_6_0006,-3.445560164856719
test-c4_mixed_06,deepseek_single_core,4,2,ligra_radii,1.011423442724106
test-c4_mixed_06,deepseek_single_core,4,3,cam4,-1.6084801770634785
test-c4_mixed_07,deepseek_single_core,4,0,tahoe_0014,-2.6759221702128397
test-c4_mixed_07,deepseek_single_core,4,1,gap_bc,-2.2566074873703172
test-c4_mixed_07,deepseek_single_core,4,2,sierra_a_3_0001,-4.006914845001566
test-c4_mixed_07,deepseek_single_core,4,3,bark,-1.9925779216720856
test-c4_mixed_08,deepseek_single_core,4,0,sierra_a_4_0013,-3.835964032684991
test-c4_mixed_08,deepseek_single_core,4,1,tahoe_0010,2.341021913204167
test-c4_mixed_08,deepseek_single_core,4,2,ligra_cf,-2.805774972741695
test-c4_mixed_08,deepseek_single_core,4,3,xalancbmk,0.0687586481151832
test-c4_non_google_01,deepseek_single_core,4,0,ligra_radii,9.183239387344146
test-c4_non_google_01,deepseek_single_core,4,1,gap_bc,7.590476776854514
test-c4_non_google_01,deepseek_single_core,4,2,biogpt,20.186886506666035
test-c4_non_google_01,deepseek_single_core,4,3,cam4,-0.2117721023809217
test-c4_non_google_02,deepseek_single_core,4,0,pop2,1.8743017291416646
test-c4_non_google_02,deepseek_single_core,4,1,bark,8.48870383184832
test-c4_non_google_02,deepseek_single_core,4,2,xalancbmk,0.16901832678326817
test-c4_non_google_02,deepseek_single_core,4,3,ligra_cf,1.3008416747092744
test-c8-01,deepseek_single_core,8,0,cam4,1.8778598652266663
test-c8-01,deepseek_single_core,8,1,tahoe_0010,27.747758474627144
test-c8-01,deepseek_single_core,8,2,sierra_a_3_0006,20.35956999048749
test-c8-01,deepseek_single_core,8,3,sierra_a_4_0005,24.883405262134108
test-c8-01,deepseek_single_core,8,4,tahoe_0016,22.472504273268523
test-c8-01,deepseek_single_core,8,5,biogpt,5.533024872255004
test-c8-01,deepseek_single_core,8,6,sierra_a_6_0011,20.033660018492963
test-c8-01,deepseek_single_core,8,7,sierra_a_3_0001,18.494271478006137
test-c8-02,deepseek_single_core,8,0,gcc,0.5080693169149197
test-c8-02,deepseek_single_core,8,1,gap_bc,-4.981524113639036
test-c8-02,deepseek_single_core,8,2,tahoe_0023,-3.5298047458100044
test-c8-02,deepseek_single_core,8,3,sierra_a_4_0013,-10.558240129465258
test-c8-02,deepseek_single_core,8,4,pop2,3.04310906237838
test-c8-02,deepseek_single_core,8,5,xalancbmk,-1.5986393186315655
test-c8-02,deepseek_single_core,8,6,sierra_a_6_0006,-3.830820859471157
test-c8-02,deepseek_single_core,8,7,sierra_a_6_0001,-3.805132635055546
test-c8-03,deepseek_single_core,8,0,tahoe_0013,1.4977040505170185
test-c8-03,deepseek_single_core,8,1,tahoe_0006,2.142075947780923
test-c8-03,deepseek_single_core,8,2,tahoe_0014,4.248386133771261
test-c8-03,deepseek_single_core,8,3,ligra_cf,4.148767527311649
test-c8-03,deepseek_single_core,8,4,bark,4.779407888243799
test-c8-03,deepseek_single_core,8,5,tahoe_0035,1.6276742332856937
test-c8-03,deepseek_single_core,8,6,ligra_radii,6.156675962000636
test-c8-03,deepseek_single_core,8,7,tahoe_0011,3.609026606831659
test-c8-04,deepseek_single_core,8,0,sierra_a_3_0001,8.889072678268247
test-c8-04,deepseek_single_core,8,1,cam4,-1.228967548556616
test-c8-04,deepseek_single_core,8,2,sierra_a_4_0013,-2.7760494438612726
test-c8-04,deepseek_single_core,8,3,tahoe_0014,5.947919905625429
test-c8-04,deepseek_single_core,8,4,xalancbmk,1.0321509635960517
test-c8-04,deepseek_single_core,8,5,tahoe_0011,7.485272202095023
test-c8-04,deepseek_single_core,8,6,tahoe_0010,6.852829912817054
test-c8-04,deepseek_single_core,8,7,pop2,9.444675106933676
test-c8-05,deepseek_single_core,8,0,sierra_a_6_0001,-1.869743162618956
test-c8-05,deepseek_single_core,8,1,tahoe_0035,-1.720938520341306
test-c8-05,deepseek_single_core,8,2,tahoe_0016,-0.9863374952488532
test-c8-05,deepseek_single_core,8,3,sierra_a_4_0005,-2.098151442319153
test-c8-05,deepseek_single_core,8,4,gcc,0.275112396333653
test-c8-05,deepseek_single_core,8,5,tahoe_0006,-1.6752865848695224
test-c8-05,deepseek_single_core,8,6,sierra_a_3_0006,-2.410009321381234
test-c8-05,deepseek_single_core,8,7,ligra_radii,-1.0024498974406746
test-c8-06,deepseek_single_core,8,0,bark,-3.1329267719284055
test-c8-06,deepseek_single_core,8,1,gap_bc,4.50804528114411
test-c8-06,deepseek_single_core,8,2,sierra_a_3_0001,1.0546433265526423
test-c8-06,deepseek_single_core,8,3,tahoe_0023,1.8669592251135319
test-c8-06,deepseek_single_core,8,4,tahoe_0013,3.7881721151563963
test-c8-06,deepseek_single_core,8,5,sierra_a_6_0011,-1.6588717236133148
test-c8-06,deepseek_single_core,8,6,sierra_a_4_0005,3.079773850472626
test-c8-06,deepseek_single_core,8,7,sierra_a_6_0006,1.3150713598935675
test-c8-07,deepseek_single_core,8,0,biogpt,-8.06161499366695
test-c8-07,deepseek_single_core,8,1,ligra_cf,16.241876254296105
test-c8-07,deepseek_single_core,8,2,gap_bc,17.712908800904366
test-c8-07,deepseek_single_core,8,3,sierra_a_6_0001,11.515977539460598
test-c8-07,deepseek_single_core,8,4,sierra_a_6_0011,10.734087661399844
test-c8-07,deepseek_single_core,8,5,sierra_a_4_0013,11.749643387071034
test-c8-07,deepseek_single_core,8,6,tahoe_0035,14.336336174397161
test-c8-07,deepseek_single_core,8,7,tahoe_0010,16.569811113739007
test-c8-08,deepseek_single_core,8,0,ligra_radii,33.592900103546945
test-c8-08,deepseek_single_core,8,1,biogpt,15.064004153645815
test-c8-08,deepseek_single_core,8,2,pop2,26.30025339343413
test-c8-08,deepseek_single_core,8,3,sierra_a_6_0006,21.872850094008946
test-c8-08,deepseek_single_core,8,4,sierra_a_3_0006,25.311914092994577
test-c8-08,deepseek_single_core,8,5,bark,14.909824333253752
test-c8-08,deepseek_single_core,8,6,cam4,2.892662572834263
test-c8-08,deepseek_single_core,8,7,ligra_cf,32.25910343276049
test-c4_google_03,deepseek_multicore,4,0,sierra_a_4_0013,-3.3287370121893285
test-c4_google_03,deepseek_multicore,4,1,sierra_a_3_0006,0.7838744565621779
test-c4_google_03,deepseek_multicore,4,2,sierra_a_6_0001,0.7072745244383662
test-c4_google_03,deepseek_multicore,4,3,sierra_a_6_0011,-1.3578475742919007
test-c4_google_04,deepseek_multicore,4,0,tahoe_0023,-0.4485665229004124
test-c4_google_04,deepseek_multicore,4,1,tahoe_0013,-0.1031134034759373
test-c4_google_04,deepseek_multicore,4,2,tahoe_0011,1.053277140049187
test-c4_google_04,deepseek_multicore,4,3,tahoe_0006,-0.14219506372297533
test-c4_mixed_05,deepseek_multicore,4,0,gcc,20.995176923189156
test-c4_mixed_05,deepseek_multicore,4,1,sierra_a_4_0005,8.025038598556247
test-c4_mixed_05,deepseek_multicore,4,2,tahoe_0016,6.814942755512596
test-c4_mixed_05,deepseek_multicore,4,3,biogpt,16.90019273538486
test-c4_mixed_06,deepseek_multicore,4,0,tahoe_0035,-7.263895038789923
test-c4_mixed_06,deepseek_multicore,4,1,sierra_a_6_0006,-7.6814179742130095
test-c4_mixed_06,deepseek_multicore,4,2,ligra_radii,-3.4376563269628133
test-c4_mixed_06,deepseek_multicore,4,3,cam4,-2.9637227204357957
test-c4_mixed_07,deepseek_multicore,4,0,tahoe_0014,-4.399816765779601
test-c4_mixed_07,deepseek_multicore,4,1,gap_bc,-2.8324825466439907
test-c4_mixed_07,deepseek_multicore,4,2,sierra_a_3_0001,-4.89022425956027
test-c4_mixed_07,deepseek_multicore,4,3,bark,-5.287766059120244
test-c4_mixed_08,deepseek_multicore,4,0,sierra_a_4_0013,-3.80756304687333
test-c4_mixed_08,deepseek_multicore,4,1,tahoe_0010,2.3508152325015774
test-c4_mixed_08,deepseek_multicore,4,2,ligra_cf,-2.8254555382054343
test-c4_mixed_08,deepseek_multicore,4,3,xalancbmk,0.0861122614325882
test-c4_non_google_01,deepseek_multicore,4,0,ligra_radii,1.099524225381307
test-c4_non_google_01,deepseek_multicore,4,1,gap_bc,0.702120807757457
test-c4_non_google_01,deepseek_multicore,4,2,biogpt,9.159028296283024
test-c4_non_google_01,deepseek_multicore,4,3,cam4,-2.1458196894722517
test-c4_non_google_02,deepseek_multicore,4,0,pop2,1.6246429909175102
test-c4_non_google_02,deepseek_multicore,4,1,bark,8.48041497280461
test-c4_non_google_02,deepseek_multicore,4,2,xalancbmk,0.18063435647628553
test-c4_non_google_02,deepseek_multicore,4,3,ligra_cf,1.1229736539734185
test-c8-01,deepseek_multicore,8,0,cam4,0.24629059747929286
test-c8-01,deepseek_multicore,8,1,tahoe_0010,9.768995330256777
test-c8-01,deepseek_multicore,8,2,sierra_a_3_0006,5.917356942091427
test-c8-01,deepseek_multicore,8,3,sierra_a_4_0005,7.723448019670742
test-c8-01,deepseek_multicore,8,4,tahoe_0016,7.500130976720745
test-c8-01,deepseek_multicore,8,5,biogpt,-10.342906882695466
test-c8-01,deepseek_multicore,8,6,sierra_a_6_0011,1.5134472198271571
test-c8-01,deepseek_multicore,8,7,sierra_a_3_0001,3.074385597970028
test-c8-02,deepseek_multicore,8,0,gcc,-5.400888910048356
test-c8-02,deepseek_multicore,8,1,gap_bc,-8.923850814410992
test-c8-02,deepseek_multicore,8,2,tahoe_0023,-8.115198871915657
test-c8-02,deepseek_multicore,8,3,sierra_a_4_0013,-13.83164218811982
test-c8-02,deepseek_multicore,8,4,pop2,-5.178319474435107
test-c8-02,deepseek_multicore,8,5,xalancbmk,-3.4156052441146056
test-c8-02,deepseek_multicore,8,6,sierra_a_6_0006,-7.9877741582333295
test-c8-02,deepseek_multicore,8,7,sierra_a_6_0001,-7.519709435796005
test-c8-03,deepseek_multicore,8,0,tahoe_0013,-2.4832550279038696
test-c8-03,deepseek_multicore,8,1,tahoe_0006,-1.3197292533719711
test-c8-03,deepseek_multicore,8,2,tahoe_0014,1.5737965050083726
test-c8-03,deepseek_multicore,8,3,ligra_cf,-0.419750469760151
test-c8-03,deepseek_multicore,8,4,bark,2.0176456399902523
test-c8-03,deepseek_multicore,8,5,tahoe_0035,-1.8422977493140522
test-c8-03,deepseek_multicore,8,6,ligra_radii,2.0143686219133583
test-c8-03,deepseek_multicore,8,7,tahoe_0011,0.6740546895822072
test-c8-04,deepseek_multicore,8,0,sierra_a_3_0001,0.7255190827251663
test-c8-04,deepseek_multicore,8,1,cam4,-3.1393319646484326
test-c8-04,deepseek_multicore,8,2,sierra_a_4_0013,-10.919817194096044
test-c8-04,deepseek_multicore,8,3,tahoe_0014,-1.1215829442714376
test-c8-04,deepseek_multicore,8,4,xalancbmk,-1.3277843335775323
test-c8-04,deepseek_multicore,8,5,tahoe_0011,-0.2331602192804158
test-c8-04,deepseek_multicore,8,6,tahoe_0010,-2.5605536858759494
test-c8-04,deepseek_multicore,8,7,pop2,2.4828722839049187
test-c8-05,deepseek_multicore,8,0,sierra_a_6_0001,-3.555374531231032
test-c8-05,deepseek_multicore,8,1,tahoe_0035,-3.8835113436922657
test-c8-05,deepseek_multicore,8,2,tahoe_0016,-3.0313402499240643
test-c8-05,deepseek_multicore,8,3,sierra_a_4_0005,-4.533218000228335
test-c8-05,deepseek_multicore,8,4,gcc,-2.9200800058066614
test-c8-05,deepseek_multicore,8,5,tahoe_0006,-3.8303158119737275
test-c8-05,deepseek_multicore,8,6,sierra_a_3_0006,-4.881980073537043
test-c8-05,deepseek_multicore,8,7,ligra_radii,-3.68701137522287
test-c8-06,deepseek_multicore,8,0,bark,-13.132205286568052
test-c8-06,deepseek_multicore,8,1,gap_bc,-5.421827599191603
test-c8-06,deepseek_multicore,8,2,sierra_a_3_0001,-7.253480457273128
test-c8-06,deepseek_multicore,8,3,tahoe_0023,-7.288846924515092
test-c8-06,deepseek_multicore,8,4,tahoe_0013,-5.8533373248809415
test-c8-06,deepseek_multicore,8,5,sierra_a_6_0011,-11.357118196898378
test-c8-06,deepseek_multicore,8,6,sierra_a_4_0005,-5.905421454415219
test-c8-06,deepseek_multicore,8,7,sierra_a_6_0006,-7.575737487620301
test-c8-07,deepseek_multicore,8,0,biogpt,-18.217511643779275
test-c8-07,deepseek_multicore,8,1,ligra_cf,2.2338270148999824
test-c8-07,deepseek_multicore,8,2,gap_bc,4.592201786625616
test-c8-07,deepseek_multicore,8,3,sierra_a_6_0001,0.6981191470805865
test-c8-07,deepseek_multicore,8,4,sierra_a_6_0011,-1.5279984543707352
test-c8-07,deepseek_multicore,8,5,sierra_a_4_0013,-1.0492469434753424
test-c8-07,deepseek_multicore,8,6,tahoe_0035,1.724137326134138
test-c8-07,deepseek_multicore,8,7,tahoe_0010,3.7643387758405096
test-c8-08,deepseek_multicore,8,0,ligra_radii,18.708026396398676
test-c8-08,deepseek_multicore,8,1,biogpt,-2.1575948405199536
test-c8-08,deepseek_multicore,8,2,pop2,15.995807146337459
test-c8-08,deepseek_multicore,8,3,sierra_a_6_0006,10.006534353243632
test-c8-08,deepseek_multicore,8,4,sierra_a_3_0006,12.028626804433735
test-c8-08,deepseek_multicore,8,5,bark,8.592630297849363
test-c8-08,deepseek_multicore,8,6,cam4,1.3730349886084254
test-c8-08,deepseek_multicore,8,7,ligra_cf,14.290292135539849
