case,arm,cohort,stage,cores,core_abs_pct,core_signed_pct,worst_core_pct,makespan_signed_pct,makespan_abs_pct,mae_L,drift_L,abs_drift_L,mae_cycles,p99_L,p999_L,p99_cycles,p999_cycles,min_cycles,max_cycles,min_L,max_L,L,pairs,oracle_coverage,model_coverage,address_mismatches,low_traffic,tail_1L_fraction,tail_1L_count,tail_1L_share,tail_5L_fraction,tail_5L_count,tail_5L_share,oracle_recorded_reads,oracle_without_stable_id,oracle_unmatched_reads,oracle_admissions_without_recorded_latency,oracle_admitted_foreground_reads,oracle_total_admitted_reads,model_recorded_reads,model_without_stable_id,model_unmatched_reads,model_admissions_without_recorded_latency,model_admitted_foreground_reads,model_total_admitted_reads
training-c1-arizona,opus_single_core,training,single_core,1,0.02385925301073949,0.02385925301073949,0.02385925301073949,0.02385925301073949,0.02385925301073949,0.15466274567127886,-0.0014118365256624592,0.0014118365256624592,17.533592281668962,4.339108039069648,6.506086344454829,491.9100000000035,737.5730000000185,-834,1206,-7.356663016779615,10.63805227606261,113.36661718740572,79810,0.9631560527617875,0.9631560527617875,0,False,0.033379275779977444,2664,0.7558312538053219,0.006177170780603934,493,0.23540257089689828,82863,2833,3053,0,82863,82863,82863,2833,3053,0,82863,82863
training-c1-bravo,opus_single_core,training,single_core,1,0.02279821779730069,-0.02279821779730069,0.02279821779730069,-0.02279821779730069,0.02279821779730069,0.05158272789509979,0.009571530618412595,0.009571530618412595,7.0884792921424085,0.4802807345223447,1.7022968476687161,66.0,233.92900000012014,-1199,1213,-8.725100010489262,8.826977742054607,137.41962826312243,1032072,0.9079402279193256,0.9079609955907141,0,False,0.0036111821655853468,3727,0.12174737462822013,9.204784162345263e-05,95,0.01126476440579943,1136718,104166,104646,0,1136718,1136718,1136692,104164,104620,0,1136692,1136692
training-c1-cactu,opus_single_core,training,single_core,1,0.07673881145539797,0.07673881145539797,0.07673881145539797,0.07673881145539797,0.07673881145539797,0.044580995857328026,0.01142322415574731,0.01142322415574731,6.013286328917193,0.7043061605231743,1.1906480987376542,95.0,160.60000000007858,-181,242,-1.3418885795231006,1.7941272720695598,134.88452227853847,52761,0.997825100234511,0.997825100234511,0,False,0.0013077841587536248,69,0.041409916568694506,0.0,0,0.0,52876,115,115,0,52876,52876,52876,115,115,0,52876,52876
training-c1-charlie,opus_single_core,training,single_core,1,0.15110350330422656,-0.15110350330422656,0.15110350330422656,-0.15110350330422656,0.15110350330422656,0.2094301516097577,-0.007467435037866337,0.007467435037866337,32.729058222251616,4.415244814850385,5.874195275409643,690.0,918.0,-1516,1092,-9.700740781613309,6.987604837415392,156.27672505932864,105853,0.9587960363036901,0.9587960363036901,0,False,0.05289410786656968,5599,0.7679023827316682,0.004326755028199484,458,0.11689294954003052,110402,4209,4549,0,110402,110402,110402,4209,4549,0,110402,110402
training-c1-gap_bfs,opus_single_core,training,single_core,1,0.21554232939202347,0.21554232939202347,0.21554232939202347,0.21554232939202347,0.21554232939202347,0.06594689828613581,0.012995982645829116,0.012995982645829116,5.72655306779884,1.3934341650464446,5.631316584361251,121.0,489.0,-1101,860,-12.679099303439136,9.903746958181342,86.83582119286342,349534,0.9947662455567161,0.9947662455567161,0,False,0.014150268643393776,4946,0.49651508149628426,0.0017480416783488874,611,0.1598925872728408,351373,1817,1839,0,351373,351373,351373,1817,1839,0,351373,351373
training-c1-gap_sssp,opus_single_core,training,single_core,1,0.09488472195106859,0.09488472195106859,0.09488472195106859,0.09488472195106859,0.09488472195106859,0.07566656297033024,-0.0029771138189040496,0.0029771138189040496,9.636022384389413,1.279952377875817,9.101011079497374,163.0,1159.0,-1689,1621,-13.26281942473776,12.728851561574842,127.34848797305372,376155,0.994503402655499,0.994503402655499,0,False,0.01181959564541213,4446,0.732601159067471,0.0059044808656006165,2221,0.5992077001896465,378234,1588,2079,0,378234,378234,378234,1588,2079,0,378234,378234
training-c1-gms_kstar,opus_single_core,training,single_core,1,0.000474970673953531,-0.000474970673953531,0.000474970673953531,-0.000474970673953531,0.000474970673953531,0.00013869290044413797,-9.186153146300047e-05,9.186153146300047e-05,0.007488087134104833,0.0,0.07408722572815953,0.0,4.0,-12,8,-0.22226167718447856,0.14817445145631905,53.990414146114475,10283,0.9570032573289903,0.9570032573289903,0,False,0.0,0,0.0,0.0,0,0.0,10745,462,462,0,10745,10745,10745,462,462,0,10745,10745
training-c1-gms_maxclique,opus_single_core,training,single_core,1,0.0012762132820954045,-0.0012762132820954045,0.0012762132820954045,-0.0012762132820954045,0.0012762132820954045,0.00015495474407389783,-6.658211659425298e-05,6.658211659425298e-05,0.010659560293137908,0.0,0.05814676771373016,0.0,4.0,-12,12,-0.1744403031411905,0.1744403031411905,68.79144202293264,24016,0.9118384083833245,0.9118384083833245,0,False,0.0,0,0.0,0.0,0,0.0,26338,2322,2322,0,26338,26338,26338,2322,2322,0,26338,26338
training-c1-lbm,opus_single_core,training,single_core,1,0.2950660973702094,0.2950660973702094,0.2950660973702094,0.2950660973702094,0.2950660973702094,0.49438827445185735,-0.004014240149656262,0.004014240149656262,127.94110188351517,2.3262402530422928,3.253645005085732,602.0,842.0,-1826,1234,-7.056004488463832,4.768406100090016,258.7866834531365,921150,0.993756857262144,0.993756857262144,0,False,0.21268305921945393,195913,0.6656620446297541,5.427997611681051e-05,50,0.0006055682307678588,926937,1828,5787,0,926937,926937,926937,1828,5787,0,926937,926937
training-c1-llama7b,opus_single_core,training,single_core,1,0.0008079268262644006,-0.0008079268262644006,0.0008079268262644006,-0.0008079268262644006,0.0008079268262644006,0.00012335348521579445,-1.1959962827009088e-05,1.1959962827009088e-05,0.0059496907957343,0.0,0.0,0.0,0.0,-161,173,-3.337973653014321,3.5867667203197366,48.2328552397682,712474,0.9980346754412875,0.9980346754412875,0,False,3.368543974938033e-05,24,0.835102618542109,0.0,0,0.0,713877,1403,1403,0,713877,713877,713877,1403,1403,0,713877,713877
training-c1-mcf,opus_single_core,training,single_core,1,0.010323133487717713,-0.010323133487717713,0.010323133487717713,-0.010323133487717713,0.010323133487717713,0.0020531063199388322,-2.853829577399181e-05,2.853829577399181e-05,0.13810664593612668,0.014866093561408906,0.7284385845090364,1.0,49.0,-157,173,-2.333976689141198,2.571834186123741,67.26716711886662,252124,0.9971760573964357,0.9971760573964357,0,False,0.00011105646427948152,28,0.07768523836875359,0.0,0,0.0,252838,705,714,0,252838,252838,252838,705,714,0,252838,252838
training-c1-omnetpp,opus_single_core,training,single_core,1,0.07018834638996814,0.07018834638996814,0.07018834638996814,0.07018834638996814,0.07018834638996814,0.02053271248891702,0.0026157286516341476,0.0026157286516341476,2.2498721060594518,0.5293177870643454,1.5697010237080586,58.0,172.0,-236,208,-2.153775823227336,1.8982430984376524,109.57500657908055,183746,0.9299074880058301,0.9299074880058301,0,False,0.004130702164945087,759,0.28255342823623325,0.0,0,0.0,197596,13710,13850,0,197596,197596,197596,13710,13850,0,197596,197596
training-c1-whiskey,opus_single_core,training,single_core,1,0.0755155504135127,0.0755155504135127,0.0755155504135127,0.0755155504135127,0.0755155504135127,0.03627986021462268,0.0013673841320675465,0.0013673841320675465,3.791279834617553,0.7081275381913081,6.300143722250803,74.0,658.3710000000137,-1216,1087,-11.636257924873389,10.401819378566918,104.50094934735911,159630,0.9047422025992281,0.904726819315348,0,False,0.0078118148217753555,1247,0.5890479542367673,0.0013280711645680637,212,0.27610285491455744,176437,16741,16807,3,176440,176440,176440,16741,16810,0,176440,176440
training-c1-whisper,opus_single_core,training,single_core,1,0.16568456540218127,0.16568456540218127,0.16568456540218127,0.16568456540218127,0.16568456540218127,0.030065988796263148,0.009952187745167311,0.009952187745167311,2.948287271456507,0.6220646591422586,2.3352919171078237,61.0,229.0,-302,397,-3.079729951819051,4.048519175073388,98.06054580260287,134493,0.997915028121151,0.997915028121151,0,False,0.006215936888908717,836,0.3702247531044779,0.0,0,0.0,134774,279,281,0,134774,134774,134774,279,281,0,134774,134774
val1,opus_single_core,validation,single_core,1,0.13830358770215806,-0.13830358770215806,0.13830358770215806,-0.13830358770215806,0.13830358770215806,0.08253501965358533,-0.009974840481719233,0.009974840481719233,6.300176531162654,1.5065494138480462,3.0392996870673628,115.0,232.0,-790,328,-10.349339451651796,4.2969409368883404,76.33337409508903,40786,0.9975053805517511,0.9974809851060187,0,False,0.020840484479968616,850,0.4338824481726657,0.00019614573628205757,8,0.01603757797936636,40888,82,102,1,40889,40889,40889,82,103,0,40889,40889
val10,opus_single_core,validation,single_core,1,0.007336383080062853,-0.007336383080062853,0.007336383080062853,-0.007336383080062853,0.007336383080062853,0.0025827317674181277,-0.0007502609669700762,0.0007502609669700762,0.26356756843374557,0.0391965033143653,0.24497814571478313,4.0,25.0,-39,92,-0.38216590731506167,0.9015195762304019,102.04991929813347,249621,0.9972713180772181,0.9972713180772181,0,False,0.0,0,0.0,0.0,0,0.0,250304,324,683,0,250304,250304,250304,324,683,0,250304,250304
val11,opus_single_core,validation,single_core,1,0.02065970651356549,0.02065970651356549,0.02065970651356549,0.02065970651356549,0.02065970651356549,0.04008007450521247,0.0006105542896753411,0.0006105542896753411,4.600749407356427,0.8276058400196634,6.492184502776229,95.0,745.231000000058,-1558,1275,-13.57273577632248,11.10734153710601,114.78894348756995,156924,0.8772535931708789,0.8772486890799521,0,False,0.008437205271341541,1324,0.5358935576092015,0.0012171497030409625,191,0.26016942579172486,178881,21710,21957,0,178881,178881,178882,21710,21958,0,178882,178882
val12,opus_single_core,validation,single_core,1,0.0018937572249040173,0.0018937572249040173,0.0018937572249040173,0.0018937572249040173,0.0018937572249040173,0.0023657711080089707,0.0001322480743607499,0.0001322480743607499,0.12540025962786672,0.0,0.9621537217427375,0.0,51.0,-66,73,-1.2451401104906015,1.3772004252396046,53.00608296522962,80885,0.998013473829677,0.998013473829677,0,False,0.00042034987945849044,34,0.2212363206152026,0.0,0,0.0,81046,161,161,0,81046,81046,81046,161,161,0,81046,81046
val13,opus_single_core,validation,single_core,1,0.0007753396704945961,-0.0007753396704945961,0.0007753396704945961,-0.0007753396704945961,0.0007753396704945961,0.0006730651857040202,9.103769229127325e-05,9.103769229127325e-05,0.05853832124905476,0.011497855957304012,0.13797427148764813,1.0,12.0,-78,58,-0.8968327646697128,0.6668756455236327,86.97273680531283,22481,0.9822177560293603,0.9822177560293603,0,False,0.0,0,0.0,0.0,0,0.0,22888,406,407,0,22888,22888,22888,406,407,0,22888,22888
val14,opus_single_core,validation,single_core,1,0.06524925127730105,0.06524925127730105,0.06524925127730105,0.06524925127730105,0.06524925127730105,0.05680188956630146,0.0017905011955952157,0.0017905011955952157,6.519387996344351,1.3330529044317192,5.834101679863816,153.0,669.6040000000503,-2260,1037,-19.69084682363193,9.03513635225943,114.77413948940304,283397,0.9115638600023802,0.9115638600023802,0,False,0.01314763388462122,3726,0.5740107979378374,0.0017254946241491618,489,0.1967129886472809,310891,27088,27494,0,310891,310891,310891,27088,27494,0,310891,310891
val2,opus_single_core,validation,single_core,1,0.06773123678159877,0.06773123678159877,0.06773123678159877,0.06773123678159877,0.06773123678159877,0.025572108121983215,0.004530247181243193,0.004530247181243193,2.462597183924305,0.5815153465533557,1.786082850128164,56.0,172.0,-1202,1108,-12.4818115456631,11.505696499662823,96.30012403268852,293387,0.9354647399618018,0.9354617572410626,0,False,0.002300715437289314,675,0.17575094049223938,5.4535477032043e-05,16,0.019921272702610678,313627,19110,20240,0,313627,313627,313628,19110,20241,0,313628,313628
val3,opus_single_core,validation,single_core,1,0.47399086148866065,-0.47399086148866065,0.47399086148866065,-0.47399086148866065,0.47399086148866065,0.005070492840077406,-0.004933259511621937,0.004933259511621937,1.1452678782157186,0.008854684456839967,0.008854684456839967,2.0,2.0,-208,347,-0.9208871835113566,1.5362877532617343,225.86914415172214,177954,0.9979139329093907,0.9979139329093907,0,False,5.619429740269958e-06,1,0.0017026078849881013,0.0,0,0.0,178326,359,372,0,178326,178326,178326,359,372,0,178326,178326
val4,opus_single_core,validation,single_core,1,0.23564303275081044,-0.23564303275081044,0.23564303275081044,-0.23564303275081044,0.23564303275081044,0.04135102770878671,0.010187324990067966,0.010187324990067966,3.8139696272083836,0.834833374356762,2.190082358702155,77.0,202.0,-941,296,-10.202314354152117,3.2092295949298904,92.23397430574502,840094,0.9965646093073465,0.9965657914871962,0,False,0.008043147552535788,6757,0.35554242651508555,0.00026187545679412066,220,0.047050756641583126,842990,796,2896,0,842990,842990,842989,796,2895,0,842989,842989
val5,opus_single_core,validation,single_core,1,0.27401173740444174,0.27401173740444174,0.27401173740444174,0.27401173740444174,0.27401173740444174,0.1278173832356776,0.0038892001600396046,0.0038892001600396046,12.534583281645963,2.413876096212478,3.3854632643736853,236.72000000000116,332.0,-491,429,-5.00681464701048,4.374589579567202,98.06634249845284,56429,0.9977720802758376,0.9977367965061796,0,False,0.04479965974941962,2528,0.6762244208371389,1.77213843945489e-05,1,0.0006941754298656608,56555,126,126,2,56557,56557,56557,126,128,0,56557,56557
val6,opus_single_core,validation,single_core,1,0.0009269545880312551,0.0009269545880312551,0.0009269545880312551,0.0009269545880312551,0.0009269545880312551,0.000313770582909112,0.0001147163945639272,0.0001147163945639272,0.01895266325339082,0.0,0.06622195070193637,0.0,4.0,-19,178,-0.31455426583419777,2.9468768062361685,60.40293222414901,155862,0.9450420188448152,0.9450420188448152,0,False,7.699118450937368e-05,12,0.5890318212593094,0.0,0,0.0,164926,9064,9064,0,164926,164926,164926,9064,9064,0,164926,164926
val7,opus_single_core,validation,single_core,1,4.8482768328931485,-4.8482768328931485,4.8482768328931485,-4.8482768328931485,4.8482768328931485,0.3474896708895636,0.02305413793473189,0.02305413793473189,45.36109475960228,2.1372856782224248,4.9671744845437535,279.0,648.4120000000694,-983,565,-7.530293267715569,4.328195011454015,130.5394046490049,436589,0.9929089143452344,0.9929043981360399,0,False,0.14020738039666597,61213,0.6043643366758137,0.0009665841329030278,422,0.015569864000761456,439707,870,3118,2,439709,439709,439709,870,3120,0,439709,439709
val8,opus_single_core,validation,single_core,1,0.052479435774862165,0.052479435774862165,0.052479435774862165,0.052479435774862165,0.052479435774862165,0.038099354585163996,0.0016797163607953688,0.0016797163607953688,3.97781192001961,0.7087696190744576,3.692737605217173,74.0,385.5450000000128,-692,809,-6.627953735128711,7.7485759706923805,104.40628098116345,228456,0.9132687326105727,0.9132723834803779,0,False,0.007633855096823896,1744,0.42427496960126765,0.0006740904156599082,154,0.10339200334523606,250152,21313,21696,0,250152,250152,250151,21313,21695,0,250151,250151
val9,opus_single_core,validation,single_core,1,0.05638014179456937,-0.05638014179456937,0.05638014179456937,-0.05638014179456937,0.05638014179456937,0.002124247888584058,-0.00025003620183621894,0.00025003620183621894,0.13613329034185476,0.0,0.24966682383122552,0.0,16.0,-987,912,-15.401322195088724,14.231008958379855,64.08540692140971,2068627,0.9978823135555569,0.9978818321886255,0,False,0.00037319439415612384,772,0.7381688795457532,9.233177368370421e-05,191,0.4791253120461349,2073017,4266,4390,1,2073018,2073018,2073018,4266,4391,0,2073018,2073018
test-c1-bark,opus_single_core,test,single_core,1,0.28619258475403225,0.28619258475403225,0.28619258475403225,0.28619258475403225,0.28619258475403225,0.035189560346471575,0.014568501083070768,0.014568501083070768,3.1002243409983175,0.6583376799880621,3.144129954425745,58.0,277.0,-496,709,-5.629922228863428,8.047610605371311,88.10068413682737,124810,0.9986797359471894,0.9986797359471894,0,False,0.0033651149747616375,420,0.24866968695324068,0.0001522313917154074,19,0.025536324847068918,124975,154,165,0,124975,124975,124975,154,165,0,124975,124975
test-c1-biogpt,opus_single_core,test,single_core,1,0.03569390441143541,-0.03569390441143541,0.03569390441143541,-0.03569390441143541,0.03569390441143541,0.002615138873419915,-0.00035255547091290074,0.00035255547091290074,0.24168766507523876,0.021640648252411288,0.36789102029099185,2.0,34.0,-986,913,-10.668839588438765,9.878955927225752,92.41867326119272,2883155,0.9978852753208861,0.997883893815356,0,False,0.0004488138861767751,1294,0.6602566218394054,0.00016648428544424425,480,0.45641145599384636,2889265,5828,6110,4,2889269,2889269,2889269,5828,6114,0,2889269,2889269
test-c1-cam4,opus_single_core,test,single_core,1,0.31473380167773013,-0.31473380167773013,0.31473380167773013,-0.31473380167773013,0.31473380167773013,0.5160515066658842,-0.04198939820107759,0.04198939820107759,200.63562118923755,2.1013919584517105,2.8035706667226004,817.0,1090.0,-1524,1101,-3.919854767050681,2.831863581707874,388.78991456784644,17877,0.9917341617663376,0.9917341617663376,0,False,0.2777871007439727,4966,0.7700182588032719,0.0,0,0.0,18026,146,149,0,18026,18026,18026,146,149,0,18026,18026
test-c1-gap_bc,opus_single_core,test,single_core,1,0.17427618871354322,-0.17427618871354322,0.17427618871354322,-0.17427618871354322,0.17427618871354322,0.1274775214548609,-0.0015542618806668289,0.0015542618806668289,18.035556968598183,1.6539406059027837,9.520760667312178,234.0,1347.0,-3132,2905,-22.137358879006488,20.53289512883584,141.48029207631305,908992,0.9954072883289932,0.9954094684094333,0,False,0.026317063296486656,23922,0.6541197523974519,0.007117774413856227,6470,0.43032596268784945,913186,3510,4194,0,913186,913186,913184,3508,4192,0,913184,913184
test-c1-gcc,opus_single_core,test,single_core,1,0.006580572125801756,-0.006580572125801756,0.006580572125801756,-0.006580572125801756,0.006580572125801756,0.0003384201351436969,-0.0002529862653071193,0.0002529862653071193,0.016285205866110326,0.020780832488458283,0.04156166497691657,1.0,2.0,-17,53,-0.35327415230379083,1.1013841218882892,48.121267545725225,162970,0.9902776933827551,0.9902776933827551,0,False,1.8408296005399768e-05,3,0.05727204220045215,0.0,0,0.0,164570,1599,1600,0,164570,164570,164570,1599,1600,0,164570,164570
test-c1-ligra_cf,opus_single_core,test,single_core,1,1.5276872483758819,-1.5276872483758819,1.5276872483758819,-1.5276872483758819,1.5276872483758819,0.11586272589913002,-0.03664951325818552,0.03664951325818552,14.479994476906565,1.3922736185156013,1.4322814811166242,174.0,179.0,-756,237,-6.0491888252746815,1.8963726872884914,124.97543420058004,318662,0.9596894415549606,0.9596894415549606,0,False,0.053209984246631224,16956,0.5797115614673236,3.138121269558341e-06,1,0.0001638412006005777,332047,12016,13385,0,332047,332047,332047,12016,13385,0,332047,332047
test-c1-ligra_radii,opus_single_core,test,single_core,1,0.0018493140331416371,-0.0018493140331416371,0.0018493140331416371,-0.0018493140331416371,0.0018493140331416371,6.230932844389902e-05,-1.9286220708825888e-05,1.9286220708825888e-05,0.002775620797330117,0.0,0.022448790016213548,0.0,1.0,-14,58,-0.31428306022698965,1.3020298209403858,44.54583072307033,60527,0.9978403508193479,0.9978403508193479,0,False,1.6521552365060223e-05,1,0.34523809523809523,0.0,0,0.0,60658,131,131,0,60658,60658,60658,131,131,0,60658,60658
test-c1-pop2,opus_single_core,test,single_core,1,0.7320673473684983,-0.7320673473684983,0.7320673473684983,-0.7320673473684983,0.7320673473684983,0.06183636670299598,0.0029178612709240435,0.0029178612709240435,5.464389036605963,2.0142916617755797,2.365095265792675,178.0,209.0,-306,306,-3.462771059007457,3.462771059007457,88.36853340448951,59799,0.997281611687402,0.997281611687402,0,False,0.01571932641014064,940,0.4899484338897985,0.0,0,0.0,59962,135,163,0,59962,59962,59962,135,163,0,59962,59962
test-c1-sierra_a_3_0001,opus_single_core,test,single_core,1,0.0020000177216760147,0.0020000177216760147,0.0020000177216760147,0.0020000177216760147,0.0020000177216760147,0.03721922394948109,0.0028678866347576796,0.0028678866347576796,4.11918094598126,0.8945232606480868,1.7890465212961737,99.0,198.0,-243,435,-2.1956480034089405,3.930480993756745,110.67347754408753,160722,0.8921416795723635,0.8921416795723635,0,False,0.009463545749804009,1521,0.37089584815487814,0.0,0,0.0,180153,19064,19431,0,180153,180153,180153,19064,19431,0,180153,180153
test-c1-sierra_a_3_0006,opus_single_core,test,single_core,1,0.05360069222097886,0.05360069222097886,0.05360069222097886,0.05360069222097886,0.05360069222097886,0.07798227694612912,0.0008457925169080521,0.0008457925169080521,9.563089945625537,1.4515021165058188,6.955793850446424,178.0,853.0,-1386,1277,-11.302145693691376,10.413304509988375,122.6315814326864,173427,0.9099337331381531,0.9099289589388962,0,False,0.018024875019460637,3126,0.6309473993939094,0.003338580497846356,579,0.2853298587034775,190593,16849,17166,0,190593,190593,190594,16850,17167,0,190594,190594
test-c1-sierra_a_4_0005,opus_single_core,test,single_core,1,0.07776299944459568,0.07776299944459568,0.07776299944459568,0.07776299944459568,0.07776299944459568,0.031095004200833165,0.003287490407892871,0.003287490407892871,3.3817328992619973,0.6528443741789767,1.7194633517108258,71.0,187.0,-569,567,-5.231949984617432,5.213560002246194,108.75486227370847,326828,0.8796718469911233,0.8796718469911233,0,False,0.007043460168651401,2302,0.348357151581776,1.2238853464207473e-05,4,0.002032128623065474,371534,44379,44706,0,371534,371534,371534,44379,44706,0,371534,371534
test-c1-sierra_a_4_0013,opus_single_core,test,single_core,1,0.029030750889810705,0.029030750889810705,0.029030750889810705,0.029030750889810705,0.029030750889810705,0.0034283003887744484,0.00042400193899997594,0.00042400193899997594,0.3362945614517727,0.040777351545318925,0.6014659352934542,4.0,59.0,-211,212,-2.1510052940155733,2.161199631901903,98.09366838242303,410753,0.9788223238966733,0.9788223238966733,0,False,0.00033109922508174015,136,0.1565581247194753,0.0,0,0.0,419640,8798,8887,0,419640,419640,419640,8798,8887,0,419640,419640
test-c1-sierra_a_6_0001,opus_single_core,test,single_core,1,0.0100383295120759,-0.0100383295120759,0.0100383295120759,-0.0100383295120759,0.0100383295120759,0.05026513679345687,0.0007608878952966066,0.0007608878952966066,5.97826711155556,1.0930371061070083,2.615007196584721,130.0,311.0150000001304,-1474,1355,-12.393359187705618,11.392809836730741,118.9346631268646,201998,0.8967804375621538,0.8967844188823825,0,False,0.011188229586431548,2260,0.4172166565363639,0.0006633729046822246,134,0.11119097580486222,225248,22932,23250,0,225248,225248,225247,22931,23249,0,225247,225247
test-c1-sierra_a_6_0006,opus_single_core,test,single_core,1,0.023503006057873813,0.023503006057873813,0.023503006057873813,0.023503006057873813,0.023503006057873813,0.04331184153358117,0.001686929255085055,0.001686929255085055,5.190647412600907,0.9679281250540431,1.6020879311239336,116.0,192.0,-963,955,-8.035472279543479,7.968718615746648,119.84360924890294,155465,0.9000254726921162,0.9000254726921162,0,False,0.009590583089441353,1491,0.3176176384572298,0.0001157816871964751,18,0.016144462454335012,172734,16996,17269,0,172734,172734,172734,16996,17269,0,172734,172734
test-c1-sierra_a_6_0011,opus_single_core,test,single_core,1,0.07133843455441302,0.07133843455441302,0.07133843455441302,0.07133843455441302,0.07133843455441302,0.07973145974234047,0.006382976547695183,0.006382976547695183,9.44786043840716,1.29118263548723,1.7553332560872146,153.0,208.0,-1237,1056,-10.43916941240329,8.911691915519704,118.496017368035,252505,0.9307121557815431,0.9307052947789388,0,False,0.020759984950793054,5242,0.35176129428176683,7.128571711451258e-05,18,0.008709222545639897,271303,17115,18798,1,271304,271304,271305,17115,18800,0,271305,271305
test-c1-tahoe_0006,opus_single_core,test,single_core,1,0.04284362387714203,0.04284362387714203,0.04284362387714203,0.04284362387714203,0.04284362387714203,0.03281030302412912,0.001535022830178888,0.001535022830178888,3.498179669567984,0.6659267775691059,1.8477123264945616,71.0,197.0,-1696,1426,-15.907208658552165,13.374811053711902,106.61832860840626,220015,0.9039607214758207,0.903964435533241,0,False,0.0070540644956025725,1552,0.3880091262024915,0.00020907665386450924,46,0.06725377183454341,243390,22849,23375,0,243390,243390,243389,22848,23374,0,243389,243389
test-c1-tahoe_0010,opus_single_core,test,single_core,1,0.01870927896325863,-0.01870927896325863,0.01870927896325863,-0.01870927896325863,0.01870927896325863,0.04716005409159684,-0.0007634838800360186,0.0007634838800360186,4.873811356761035,1.190174635138391,5.547568470061388,123.0,573.320000000007,-1076,1150,-10.411609003324463,11.127649027716664,103.34617825702344,276681,0.9098684924479347,0.9098684924479347,0,False,0.010911482899078723,3019,0.5274718184993448,0.0010987382581384337,304,0.17429333974049513,304089,26998,27408,0,304089,304089,304089,26998,27408,0,304089,304089
test-c1-tahoe_0011,opus_single_core,test,single_core,1,0.00213279319236322,-0.00213279319236322,0.00213279319236322,-0.00213279319236322,0.00213279319236322,0.039178615112224216,0.0009337997592068126,0.0009337997592068126,4.171269085948844,0.9409399348422863,1.9912084865899242,100.17999999999302,212.0,-888,883,-8.340533660810626,8.29357119650426,106.46800745765401,159083,0.9015090982245569,0.9015090982245569,0,False,0.009812487820823092,1561,0.4737257714993565,0.0005971725451493874,95,0.0963187447444008,176463,17167,17380,0,176463,176463,176463,17167,17380,0,176463,176463
test-c1-tahoe_0013,opus_single_core,test,single_core,1,0.04908093514930884,0.04908093514930884,0.04908093514930884,0.04908093514930884,0.04908093514930884,0.03215912396327089,0.0027866935510181844,0.0027866935510181844,3.4146475855207776,0.6592594465603205,1.8709877273304896,70.0,198.6610000000219,-770,681,-7.251853912163526,6.413652615822547,106.17974511434655,261340,0.9018659175849015,0.9018596930764479,0,False,0.006944975893472105,1815,0.37485320220891455,0.00024106527894696565,63,0.04394184566285366,289777,28058,28437,0,289777,289777,289779,28057,28439,0,289779,289779
test-c1-tahoe_0014,opus_single_core,test,single_core,1,0.04781164602050223,0.04781164602050223,0.04781164602050223,0.04781164602050223,0.04781164602050223,0.029075042869969352,-0.00022742795779784913,0.00022742795779784913,2.855862679985662,0.6006687721192547,1.8121871430038532,59.0,178.0,-343,273,-3.4920235396085486,2.7793656743823143,98.22385104495883,147859,0.923529999625239,0.923529999625239,0,False,0.0057419568643099165,849,0.3184232650113081,0.0,0,0.0,160102,12150,12243,0,160102,160102,160102,12150,12243,0,160102,160102
test-c1-tahoe_0016,opus_single_core,test,single_core,1,0.0987646572941802,0.0987646572941802,0.0987646572941802,0.0987646572941802,0.0987646572941802,0.034742962405558735,0.0031181842281249902,0.0031181842281249902,3.873423613354726,0.7085964005011043,1.734572231829364,79.0,193.38400000002002,-1324,944,-11.875716889410914,8.467278507253702,111.48800635189916,182617,0.9005937644865712,0.9005937644865712,0,False,0.007923687279935603,1447,0.3880721506800706,0.00023546548240306215,43,0.061543529185569296,202774,19916,20157,0,202774,202774,202774,19916,20157,0,202774,202774
test-c1-tahoe_0023,opus_single_core,test,single_core,1,0.0004941445354977128,0.0004941445354977128,0.0004941445354977128,0.0004941445354977128,0.0004941445354977128,0.040251388764373626,0.00018066937691965283,0.00018066937691965283,4.0023824279838704,0.7944917232677624,2.2603591232687164,79.0,224.75800000001618,-399,570,-4.012686045365028,5.732408636235754,99.43464190548293,124243,0.9221833782389574,0.9221833782389574,0,False,0.008169474336582343,1015,0.3405849562006805,3.2194972755004304e-05,4,0.004363844043855627,134727,10329,10484,0,134727,134727,134727,10329,10484,0,134727,134727
test-c1-tahoe_0035,opus_single_core,test,single_core,1,0.025018465120898933,-0.025018465120898933,0.025018465120898933,-0.025018465120898933,0.025018465120898933,0.056412413422581374,0.003189493539635761,0.003189493539635761,6.6906900543488925,1.273153345561566,6.131084938269241,151.0,727.1660000000265,-2067,2572,-17.427867319706998,21.685764270095017,118.60315218619365,254835,0.8997394362218958,0.8997394362218958,0,False,0.013102595797280594,3339,0.5181346633650475,0.0015382502403516,392,0.20875976966866117,283232,27616,28397,0,283232,283232,283232,27616,28397,0,283232,283232
test-c1-xalancbmk,opus_single_core,test,single_core,1,0.006869000960694181,0.006869000960694181,0.006869000960694181,0.006869000960694181,0.006869000960694181,0.012013563665019144,-0.00035777588116294524,0.00035777588116294524,1.169479719230563,0.19517885251190292,1.7771548149768004,19.0,173.0,-278,222,-2.855774789384685,2.2805108030338133,97.34661186637159,18663,0.9834018337021815,0.9834018337021815,0,False,0.0019825322831270426,37,0.3422981764867589,0.0,0,0.0,18978,311,315,0,18978,18978,18978,311,315,0,18978,18978
