case,arm,core_abs_pct,core_signed_pct,mae_L,drift_L,p99_L,p999_L,min_cycles,max_cycles,L,pairs,oracle_coverage,model_coverage
training-c1-arizona,astra_single_core,0.48511198309006837,0.48511198309006837,0.3744886181621113,0.14761808992822217,4.066452818627582,5.7512521426142795,-831,837,113.36661718740572,79706,0.9619009690694279,0.9619009690694279
training-c1-arizona,deepseek_single_core,3.6235194051595214,3.6235194051595214,0.41315223258646827,0.18849599750781632,3.4578080366638,5.795356836959481,-828,1150,113.36661718740572,79536,0.9598493899569168,0.9598493899569168
training-c1-arizona,fixedlat,11.77386116279744,-11.77386116279744,0.46808164738873276,-0.35497917268364737,4.154662207317984,6.221170018984802,-948,183,113.36661718740572,79728,0.9621664675428117,0.9621664675428117
training-c1-arizona,gemini_single_core,0.4708644510838746,0.4708644510838746,0.27340315564686707,0.030043989660113967,4.181125023925105,8.406354742195411,-799,1236,113.36661718740572,79860,0.9637594583831143,0.9637594583831143
training-c1-arizona,md1,12.533631867004338,-12.533631867004338,0.601982397537747,-0.5932414176427001,5.266100504817063,7.436051466600978,-1093,21,113.36661718740572,78326,0.945246973920809,0.945246973920809
training-c1-arizona,mess,8.748392770604479,8.748392770604479,0.5198147234783723,-0.01254056849637226,4.6750976005913625,6.8538695012443185,-1027,69,113.36661718740572,78379,0.9458865838794154,0.9458865838794154
training-c1-arizona,opus_single_core,0.02385925301073949,0.02385925301073949,0.15466274567127886,-0.0014118365256624592,4.339108039069648,6.506086344454829,-834,1206,113.36661718740572,79810,0.9631560527617875,0.9631560527617875
training-c1-arizona,wmg1,13.082902218607057,-13.082902218607057,0.608359156069225,-0.6080641783209219,5.267247226870079,7.444872405470019,-1095,4,113.36661718740572,78288,0.9447883856486007,0.9447883856486007
training-c1-bravo,astra_single_core,0.48720990154231436,-0.48720990154231436,0.10605528097185295,0.011161899517275455,1.1861478746536696,2.867130445481876,-1249,850,137.41962826312243,1031875,0.9077669219630551,0.9077876856703487
training-c1-bravo,deepseek_single_core,0.19927477017640588,-0.19927477017640588,0.10375352849245706,0.010461840853388325,1.164316932175381,1.988260363191965,-1177,800,137.41962826312243,1031775,0.9076789493964202,0.9076989125471874
training-c1-bravo,fixedlat,31.914749545341294,-31.914749545341294,0.3832627815469487,-0.3697149643432452,1.6373206858716296,2.605159135742415,-1210,160,137.41962826312243,1031288,0.9072505229969087,0.9073982013720675
training-c1-bravo,gemini_single_core,1.5330183476184907,1.5330183476184907,0.10296927445789983,0.035236209663092495,1.3171335295234,2.0884934970895896,-1164,1332,137.41962826312243,1031864,0.9077572449807252,0.9077764112417238
training-c1-bravo,md1,33.07791788148357,-33.07791788148357,0.6162273027653223,-0.6104491194879288,2.0011697271764364,3.0053930811777025,-1305,71,137.41962826312243,1030951,0.9069540554473493,0.9069947486818919
training-c1-bravo,mess,2.6047338082115994,-2.6047338082115994,0.2698973268835103,-0.18615024801327176,1.5863818200889568,2.5833281932641268,-1240,113,137.41962826312243,1030975,0.9069751688633416,0.9070525707337802
training-c1-bravo,opus_single_core,0.02279821779730069,-0.02279821779730069,0.05158272789509979,0.009571530618412595,0.4802807345223447,1.7022968476687161,-1199,1213,137.41962826312243,1032072,0.9079402279193256,0.9079609955907141
training-c1-bravo,wmg1,36.96252371442364,-36.96252371442364,0.6850580169496245,-0.6842409822058376,2.0884934970895896,3.08543987026476,-1308,75,137.41962826312243,1030936,0.906940859562354,0.9069161266031464
training-c1-cactu,astra_single_core,0.06657246102442087,0.06657246102442087,0.06450668474571712,0.02006437788822577,0.7710299020464224,1.3232059318966687,-212,292,134.88452227853847,52761,0.997825100234511,0.997825100234511
training-c1-cactu,deepseek_single_core,0.02571667820629939,-0.02571667820629939,0.052288563252506706,0.005237441834764369,0.7784436511045612,1.5198185569184288,-229,261,134.88452227853847,52761,0.997825100234511,0.997825100234511
training-c1-cactu,fixedlat,11.992082278748992,-11.992082278748992,0.5109531568835073,-0.5010722800895561,1.5939560474998156,2.1535754814044394,-438,106,134.88452227853847,52759,0.9977872758907633,0.9977872758907633
training-c1-cactu,gemini_single_core,0.14024994448487293,0.14024994448487293,0.05677199781966864,0.020961570658192517,0.7739954016696887,1.5272323059765676,-212,283,134.88452227853847,52761,0.997825100234511,0.997825100234511
training-c1-cactu,md1,13.440067574627104,-13.440067574627104,0.67426064154231,-0.6739689088235297,2.023953492871859,2.344197797187621,-475,4,134.88452227853847,52757,0.9977494515470157,0.9977494515470157
training-c1-cactu,mess,3.416030819196141,-3.416030819196141,0.2114846539744473,-0.18470235199935092,1.534646055034706,1.8549570830917625,-409,67,134.88452227853847,52756,0.9977305393751419,0.9977305393751419
training-c1-cactu,opus_single_core,0.07673881145539797,0.07673881145539797,0.044580995857328026,0.01142322415574731,0.7043061605231743,1.1906480987376542,-181,242,134.88452227853847,52761,0.997825100234511,0.997825100234511
training-c1-cactu,wmg1,13.550960754384324,-13.550960754384324,0.681420483902017,-0.681420483902017,2.0313672419299977,2.351478098762686,-476,0,134.88452227853847,52759,0.9977872758907633,0.9977872758907633
training-c1-charlie,astra_single_core,0.955352224083078,-0.955352224083078,0.47660280295908125,0.10591219187275275,3.8777367504338165,5.297167570447542,-1239,1019,156.27672505932864,105589,0.9564047752758102,0.9564134382840735
training-c1-charlie,deepseek_single_core,0.8929295629699949,-0.8929295629699949,0.46102126554978373,-0.012741495191093334,3.2058516699131054,4.900179471442681,-1368,559,156.27672505932864,105217,0.9530352711001612,0.9530439035878299
training-c1-charlie,fixedlat,26.381417167443058,-26.381417167443058,0.6491264340279126,-0.57888734992041,4.19768202687225,5.92289734538913,-1592,197,156.27672505932864,105390,0.9546022716979765,0.9546022716979765
training-c1-charlie,gemini_single_core,0.6528294271585295,0.6528294271585295,0.3893552364780092,-0.04106888774958189,3.85854003384751,6.014734437538197,-1271,1160,156.27672505932864,105680,0.9572290357058749,0.9572290357058749
training-c1-charlie,md1,26.7490836132728,-26.7490836132728,0.7046641344520148,-0.6989142511390268,5.023140840083409,6.649627445197079,-1567,47,156.27672505932864,104410,0.9457256209126647,0.9457341871903334
training-c1-charlie,mess,5.9559783973468425,-5.9559783973468425,0.4896615635293002,-0.2678365105769355,4.616490393730141,6.245331796078226,-1521,79,156.27672505932864,104556,0.9470480607235376,0.9470566389797194
training-c1-charlie,opus_single_core,0.15110350330422656,-0.15110350330422656,0.2094301516097577,-0.007467435037866337,4.415244814850385,5.874195275409643,-1516,1092,156.27672505932864,105853,0.9587960363036901,0.9587960363036901
training-c1-charlie,wmg1,27.615863142533257,-27.615863142533257,0.7209676035728437,-0.7204622703896435,5.042337556669715,6.684194332863406,-1580,59,156.27672505932864,104417,0.9457890255611311,0.9457890255611311
training-c1-gap_bfs,astra_single_core,0.1262599769885066,-0.1262599769885066,0.128893258938801,0.00992431465286044,1.681333785923809,4.14575454063405,-740,554,86.83582119286342,349516,0.9947150179438944,0.9947150179438944
training-c1-gap_bfs,deepseek_single_core,2.7167559945285187,-2.7167559945285187,0.13832871730427773,-0.04522672475468788,1.7619456797694713,3.7542110562408344,-806,512,86.83582119286342,349435,0.9944844936861967,0.9944844936861967
training-c1-gap_bfs,fixedlat,27.38876460817371,-27.38876460817371,0.4833985231930216,-0.4763319702763947,2.4183568153698625,5.078549312276711,-1037,197,86.83582119286342,349481,0.994615408696741,0.994615408696741
training-c1-gap_bfs,gemini_single_core,0.08579010103385012,0.08579010103385012,0.0856864944964567,-0.004434237986702181,2.072877270317025,4.508197131349631,-863,336,86.83582119286342,349528,0.9947491696857755,0.9947491696857755
training-c1-gap_bfs,md1,26.675964486534138,-26.675964486534138,0.5019486669582577,-0.4636497852748286,2.406840830534768,6.801202451789382,-1197,335,86.83582119286342,349413,0.9944218821594146,0.9944218821594146
training-c1-gap_bfs,mess,15.373910899014724,15.373910899014724,0.7607197789966789,0.2813890956576327,1.6467858314185255,6.402887568312589,-1163,77,86.83582119286342,349405,0.9943991143314939,0.9943991143314939
training-c1-gap_bfs,opus_single_core,0.21554232939202347,0.21554232939202347,0.06594689828613581,0.012995982645829116,1.3934341650464446,5.631316584361251,-1101,860,86.83582119286342,349534,0.9947662455567161,0.9947662455567161
training-c1-gap_bfs,wmg1,27.933390550686365,-27.933390550686365,0.50295468808397,-0.49547196582212916,2.429872800204957,7.0362667342427905,-1218,357,86.83582119286342,349423,0.9944503419443156,0.9944503419443156
training-c1-gap_sssp,astra_single_core,1.5477966018011997,-1.5477966018011997,0.2875681837009698,0.04990286007011878,4.365972528214443,7.962403135988212,-1585,1410,127.34848797305372,375729,0.9933771157537398,0.9933771157537398
training-c1-gap_sssp,deepseek_single_core,0.8985661626736687,-0.8985661626736687,0.24543400871147064,-0.03905008956889316,2.159428858379446,8.59774636846658,-1596,1121,127.34848797305372,373546,0.9876055563487154,0.9876055563487154
training-c1-gap_sssp,fixedlat,42.676959759327026,-42.676959759327026,0.644807144081781,-0.615975830842102,1.8453301153424355,9.328732668199207,-1640,168,127.34848797305372,375594,0.9930201938482527,0.9930228192674886
training-c1-gap_sssp,gemini_single_core,1.9450558709092338,-1.9450558709092338,0.2120438339273541,-0.04572525083150194,2.313886915267768,9.430814759686236,-1648,1484,127.34848797305372,375834,0.9936547216802297,0.9936547216802297
training-c1-gap_sssp,md1,41.2354706186453,-41.2354706186453,0.637378256280577,-0.6290201170149219,1.7825103667350335,10.01974990288063,-1761,16,127.34848797305372,372878,0.985839453883046,0.9858420603173176
training-c1-gap_sssp,mess,5.280816953316878,-5.280816953316878,0.34872567265939625,-0.11781424686435792,1.2956573150276676,9.532661277116222,-1695,70,127.34848797305372,373031,0.9862439653759313,0.98624657287968
training-c1-gap_sssp,opus_single_core,0.09488472195106859,0.09488472195106859,0.07566656297033024,-0.0029771138189040496,1.279952377875817,9.101011079497374,-1689,1621,127.34848797305372,376155,0.994503402655499,0.994503402655499
training-c1-gap_sssp,wmg1,43.173984206818275,-43.173984206818275,0.6573039892528608,-0.6570368871662008,1.8060677724628094,10.044610818392217,-1763,2,127.34848797305372,372835,0.9857257676464833,0.9857283737801831
training-c1-gms_kstar,astra_single_core,0.0007463824876412631,-0.0007463824876412631,0.000875471496398695,0.00038909844284386444,0.0,0.14817445145631905,-67,86,53.990414146114475,10282,0.9569101907864123,0.9569101907864123
training-c1-gms_kstar,deepseek_single_core,0.0013570590684386602,0.0013570590684386602,0.0008970008366387106,0.00046831368981137495,0.0,0.22226167718447856,-67,208,53.990414146114475,10283,0.9570032573289903,0.9570032573289903
training-c1-gms_kstar,fixedlat,0.8039217921430623,-0.8039217921430623,0.16351589128143698,-0.16337173868735558,1.370613675970951,1.389135482402991,-89,7,53.990414146114475,10279,0.9566309911586784,0.9566309911586784
training-c1-gms_kstar,gemini_single_core,0.009194075188671923,0.009194075188671923,0.0034301643270697336,0.0029617595345076903,0.03704361286407976,0.23559737781556883,-67,185,53.990414146114475,10281,0.9568171242438344,0.9568171242438344
training-c1-gms_kstar,md1,0.833471753358314,-0.833471753358314,0.1721295373583531,-0.1721295373583531,1.5002663209952303,1.680353844933987,-91,0,53.990414146114475,10278,0.9565379246161005,0.9565379246161005
training-c1-gms_kstar,mess,3.894108138066104,3.894108138066104,1.08680714134639,1.068384691137286,1.2409610309466719,1.2409610309466719,-24,67,53.990414146114475,10253,0.9542112610516519,0.9542112610516519
training-c1-gms_kstar,opus_single_core,0.000474970673953531,-0.000474970673953531,0.00013869290044413797,-9.186153146300047e-05,0.0,0.07408722572815953,-12,8,53.990414146114475,10283,0.9570032573289903,0.9570032573289903
training-c1-gms_kstar,wmg1,0.833471753358314,-0.833471753358314,0.1721295373583531,-0.1721295373583531,1.5002663209952303,1.680353844933987,-91,0,53.990414146114475,10278,0.9565379246161005,0.9565379246161005
training-c1-gms_maxclique,astra_single_core,0.003828639846286214,-0.003828639846286214,0.0005368939765372945,-0.00016766587542370976,0.0,0.11629353542746032,-195,40,68.79144202293264,24016,0.9118384083833245,0.9118384083833245
training-c1-gms_maxclique,deepseek_single_core,0.005604240934418951,0.005604240934418951,0.000989047077409176,0.0002348532839870014,0.0,0.1744403031411905,-195,118,68.79144202293264,24016,0.9118384083833245,0.9118384083833245
training-c1-gms_maxclique,fixedlat,4.548424137388022,-4.548424137388022,0.3264442488660248,-0.32641882660332516,1.0902518946324404,1.1770359454453054,-213,7,68.79144202293264,24016,0.9118384083833245,0.9118384083833245
training-c1-gms_maxclique,gemini_single_core,0.06547529012489467,0.06547529012489467,0.006032339763439319,0.005519052173694533,0.02907338385686508,0.188976995069623,-195,181,68.79144202293264,24016,0.9118384083833245,0.9118384083833245
training-c1-gms_maxclique,md1,4.671883900547251,-4.671883900547251,0.3389683449974038,-0.33790666288370996,1.293765581630496,1.3228389654873611,-213,1,68.79144202293264,24016,0.9118384083833245,0.9118384083833245
training-c1-gms_maxclique,mess,9.573513935638678,9.573513935638678,0.6747050361721102,0.6351770494260094,0.9739583592049802,0.9739583592049802,-146,67,68.79144202293264,24016,0.9118384083833245,0.9118384083833245
training-c1-gms_maxclique,opus_single_core,0.0012762132820954045,-0.0012762132820954045,0.00015495474407389783,-6.658211659425298e-05,0.0,0.05814676771373016,-12,12,68.79144202293264,24016,0.9118384083833245,0.9118384083833245
training-c1-gms_maxclique,wmg1,4.681871656667998,-4.681871656667998,0.3387813097789709,-0.3387813097789709,1.293765581630496,1.3228389654873611,-213,0,68.79144202293264,24016,0.9118384083833245,0.9118384083833245
training-c1-lbm,astra_single_core,0.7131724397178103,-0.7131724397178103,0.5473659663895533,-0.0786100547401018,1.8470811311531827,3.0024728847406337,-1913,1325,258.7866834531365,920654,0.9932217615652412,0.9932217615652412
training-c1-lbm,deepseek_single_core,1.258921206415148,1.258921206415148,0.5901390579571497,0.03710393328115308,1.8045750800178584,3.079756614077587,-1792,1318,258.7866834531365,892388,0.9627277797735985,0.9627277797735985
training-c1-lbm,fixedlat,38.978856534728365,-38.978856534728365,0.6741845243508898,-0.46225001387796205,2.233499777837949,3.779174364577014,-1890,198,258.7866834531365,920647,0.9932142098114543,0.9932142098114543
training-c1-lbm,gemini_single_core,1.8959757871940046,-1.8959757871940046,0.6060613152580309,-0.004515356219251518,2.426709101180332,4.246740927065581,-1860,1691,258.7866834531365,920125,0.9926510647433429,0.9926489229604105
training-c1-lbm,md1,33.67795236039649,-33.67795236039649,0.6461197849200634,-0.39904350482185025,2.426709101180332,3.9839762473199403,-1973,398,258.7866834531365,906305,0.9777417451239944,0.9777417451239944
training-c1-lbm,mess,22.69901461971701,-22.69901461971701,0.5629868449203768,-0.26203159571686546,2.2025862861031675,3.8178162292454907,-1955,158,258.7866834531365,906488,0.9779391695444243,0.9779391695444243
training-c1-lbm,opus_single_core,0.2950660973702094,0.2950660973702094,0.49438827445185735,-0.004014240149656262,2.3262402530422928,3.253645005085732,-1826,1234,258.7866834531365,921150,0.993756857262144,0.993756857262144
training-c1-lbm,wmg1,41.77640918274453,-41.77640918274453,0.6434846793727873,-0.49158466526472283,2.3996597959123984,3.9646553149857016,-1986,464,258.7866834531365,907424,0.9789489469079344,0.9789489469079344
training-c1-llama7b,astra_single_core,0.2734536723919777,-0.2734536723919777,0.008634365669444416,-0.004948776540753397,0.0,1.2854308477446454,-161,196,48.2328552397682,712474,0.9980346754412875,0.9980346754412875
training-c1-llama7b,deepseek_single_core,0.24492006155220084,-0.24492006155220084,0.007894972249805794,-0.005299573017346085,0.0,1.0781032916567994,-161,208,48.2328552397682,712474,0.9980346754412875,0.9980346754412875
training-c1-llama7b,fixedlat,5.609120666236167,-5.609120666236167,0.1066663689061597,-0.086676236779967,1.6378876930939836,1.6378876930939836,-211,12,48.2328552397682,712474,0.9980346754412875,0.9980346754412875
training-c1-llama7b,gemini_single_core,0.1480082534651686,-0.1480082534651686,0.02702352145779391,0.014286772140020393,0.062198266826353814,1.30616360335343,-161,247,48.2328552397682,712474,0.9980346754412875,0.9980346754412875
training-c1-llama7b,md1,5.470322778590412,5.470322778590412,0.302164781877842,0.11969308979650665,1.783016982355476,1.783016982355476,-218,11,48.2328552397682,712473,0.9980332746397489,0.998034672688254
training-c1-llama7b,mess,75.73379953995465,75.73379953995465,1.371387755924904,1.3431238194274147,1.4512928926149222,1.4512928926149222,-159,70,48.2328552397682,711011,0.9959853027902565,0.9959866979699555
training-c1-llama7b,opus_single_core,0.0008079268262644006,-0.0008079268262644006,0.00012335348521579445,-1.1959962827009088e-05,0.0,0.0,-161,173,48.2328552397682,712474,0.9980346754412875,0.9980346754412875
training-c1-llama7b,wmg1,5.1250857929614595,-5.1250857929614595,0.14301851290808823,-0.0666388821281274,1.9696117828345374,1.9696117828345374,-227,2,48.2328552397682,712473,0.9980332746397489,0.998034672688254
training-c1-mcf,astra_single_core,0.021625332880260566,0.021625332880260566,0.009558729020693277,0.001635956756666573,0.43111671328085827,1.0852248299828502,-199,222,67.26716711886662,252076,0.9969862125155238,0.9969862125155238
training-c1-mcf,deepseek_single_core,0.021573803095796085,0.021573803095796085,0.010111713049290977,-0.0009858124071617169,0.35678624547381377,1.6489916961127382,-207,208,67.26716711886662,252078,0.9969941227188951,0.9969941227188951
training-c1-mcf,fixedlat,14.448783233211248,-14.448783233211248,0.34522394482279234,-0.3448081430799544,1.427144981895255,2.9137543380361457,-286,24,67.26716711886662,251700,0.995499094281714,0.995499094281714
training-c1-mcf,gemini_single_core,0.11879332978545042,0.11879332978545042,0.009682637472300039,0.003558664877979116,0.04459828068422672,0.7284385845090364,-194,200,67.26716711886662,252079,0.9969980778205808,0.9969980778205808
training-c1-mcf,md1,13.922552485962557,-13.922552485962557,0.362025835892406,-0.3294319740522147,1.4122788883338462,2.9137543380361457,-284,4,67.26716711886662,251651,0.9953052942991164,0.9953092308483331
training-c1-mcf,mess,23.63283022342782,23.63283022342782,0.669797029085148,0.6366645112800982,0.9960282686143968,1.9528100502268988,-219,67,67.26716711886662,251641,0.9952657432822598,0.9952696796750475
training-c1-mcf,opus_single_core,0.010323133487717713,-0.010323133487717713,0.0020531063199388322,-2.853829577399181e-05,0.014866093561408906,0.7284385845090364,-157,173,67.26716711886662,252124,0.9971760573964357,0.9971760573964357
training-c1-mcf,wmg1,14.795226562463366,-14.795226562463366,0.3593415325295374,-0.3593415325295374,1.442011075456664,2.948734256186615,-286,0,67.26716711886662,251648,0.9952934289940595,0.9952973654963474
training-c1-omnetpp,astra_single_core,0.16365333273623692,-0.16365333273623692,0.14213835104294925,-0.002887577606380389,1.3324206364033522,1.943873942150096,-262,394,109.57500657908055,183356,0.9279337638413733,0.9279384599812748
training-c1-omnetpp,deepseek_single_core,0.32623138590927514,0.32623138590927514,0.1683556674435464,-0.021957039118653987,1.3141682989183747,1.8891169296951635,-248,250,109.57500657908055,182846,0.9253527399340068,0.9253574230117159
training-c1-omnetpp,fixedlat,27.73427463727974,-27.73427463727974,0.588667011877712,-0.5875507393239551,1.9256216046651184,2.19940666693978,-321,20,109.57500657908055,182348,0.9228324460009312,0.9228371163237936
training-c1-omnetpp,gemini_single_core,2.9577525189688805,2.9577525189688805,0.18774414461457908,0.07344943274979782,1.7065935548453892,1.971252448377562,-244,401,109.57500657908055,183360,0.927954007166137,0.927954007166137
training-c1-omnetpp,md1,27.44309525673944,-27.44309525673944,0.5910333939630618,-0.5854099738648888,1.934747773407607,2.19940666693978,-340,4,109.57500657908055,181734,0.9197250956497095,0.9197297502467168
training-c1-omnetpp,mess,0.2886978039797404,0.2886978039797404,0.2685312270189266,0.006653217291921215,1.3415468051458408,1.6062056986780135,-276,68,109.57500657908055,181704,0.9195732707139821,0.9195779245426251
training-c1-omnetpp,opus_single_core,0.07018834638996814,0.07018834638996814,0.02053271248891702,0.0026157286516341476,0.5293177870643454,1.5697010237080586,-236,208,109.57500657908055,183746,0.9299074880058301,0.9299074880058301
training-c1-omnetpp,wmg1,28.240393968938253,-28.240393968938253,0.6057547270697666,-0.6057547270697666,1.9530001108925845,2.226785173167246,-343,0,109.57500657908055,181813,0.9201249013137918,0.9201295579341583
training-c1-whiskey,astra_single_core,0.034036643673630115,-0.034036643673630115,0.17809906785008972,0.057601664474904,3.128871096789363,6.54153865844554,-1251,1159,104.50094934735911,159404,0.9034612921326026,0.9034459306279755
training-c1-whiskey,deepseek_single_core,0.021572154132598904,0.021572154132598904,0.14570801378107903,-0.011052312973030467,1.9042889202712205,5.578896686020712,-1207,410,104.50094934735911,159417,0.9035349728231606,0.9035196100657448
training-c1-whiskey,fixedlat,25.37377139881576,-25.37377139881576,0.5349850425022985,-0.5300517282518338,2.038258995064171,6.583672246967838,-1267,120,104.50094934735911,159275,0.9027301529724491,0.9027148038993426
training-c1-whiskey,gemini_single_core,1.2636103963835181,1.2636103963835181,0.12873655281838997,0.023257337748047367,1.8085960097048277,5.827698253493334,-1227,405,104.50094934735911,159493,0.9039657214756542,0.9039503513942416
training-c1-whiskey,md1,25.238457524883895,-25.238457524883895,0.5681739096061412,-0.5593671046451271,2.0861054503473673,7.430353550368708,-1356,44,104.50094934735911,158508,0.898382992229521,0.898367717070959
training-c1-whiskey,mess,4.70352326882097,4.70352326882097,0.3040076175607765,0.0618330251104147,1.4832401137790914,6.822904523383821,-1290,109,104.50094934735911,158452,0.8980655984855784,0.8980503287236454
training-c1-whiskey,opus_single_core,0.0755155504135127,0.0755155504135127,0.03627986021462268,0.0013673841320675465,0.7081275381913081,6.300143722250803,-1216,1087,104.50094934735911,159630,0.9047422025992281,0.904726819315348
training-c1-whiskey,wmg1,26.085132047214863,-26.085132047214863,0.5818158665357719,-0.5815708778091127,2.1243826145739244,7.4544777331220144,-1358,42,104.50094934735911,158506,0.8983716567386659,0.8983563817728406
training-c1-whisper,astra_single_core,0.5732891782251376,0.5732891782251376,0.08827737187962516,0.02861770815929509,1.9579740091035027,3.334674484254403,-302,589,98.06054580260287,134459,0.997662753943639,0.997662753943639
training-c1-whisper,deepseek_single_core,0.9042878342248741,0.9042878342248741,0.09672963339696404,0.027729371689779313,2.019160696887987,3.3856633907414735,-302,362,98.06054580260287,133954,0.993915740424711,0.993915740424711
training-c1-whisper,fixedlat,8.041237962141592,-8.041237962141592,0.418940065223861,-0.4164447571168742,1.0503714736336498,1.9101056236935574,-369,48,98.06054580260287,133695,0.9919940047783697,0.9919940047783697
training-c1-whisper,gemini_single_core,0.8263646336518731,0.8263646336518731,0.08958004929246279,0.05151076912213533,1.8457984148319477,1.8457984148319477,-301,255,98.06054580260287,134482,0.9978334100048971,0.9978334100048971
training-c1-whisper,md1,10.354046305234192,-10.354046305234192,0.5434792977026979,-0.5407812474643912,1.6681530646310123,2.1584419938481743,-368,9,98.06054580260287,128343,0.9522830813064834,0.9522830813064834
training-c1-whisper,mess,1.8650030975810052,1.8650030975810052,0.27972032442435946,0.13666049671758262,0.9891847858491654,1.4574261119015008,-300,69,98.06054580260287,128029,0.9499532550788727,0.9499532550788727
training-c1-whisper,opus_single_core,0.16568456540218127,0.16568456540218127,0.030065988796263148,0.009952187745167311,0.6220646591422586,2.3352919171078237,-302,397,98.06054580260287,134493,0.997915028121151,0.997915028121151
training-c1-whisper,wmg1,10.649668733778864,-10.649668733778864,0.559282039292501,-0.5590781473827745,1.6928316953707367,2.121138509862128,-368,1,98.06054580260287,128040,0.9500348731951267,0.9500348731951267
