cache_write_1h_tokens,cache_write_1h_tokens_unknown_records,cache_write_5m_tokens,cache_write_5m_tokens_unknown_records,cache_write_input_tokens,cache_write_input_tokens_unknown_records,cached_input_tokens,cached_input_tokens_unknown_records,campaign,campaign_cost_upper_usd,cli_invocations,cost_scope,cumulative_campaign_cost_upper_usd,cumulative_observed_cost_lower_usd,cumulative_observed_cost_upper_usd,cumulative_unknown_usage_records,failed_attempt_records,input_partition_unknown_records,input_tokens,input_tokens_unknown_records,non_reasoning_output_tokens,non_reasoning_output_tokens_unknown_records,observed_cost_lower_usd,observed_cost_upper_usd,output_tokens,output_tokens_unknown_records,provider_requests,provider_requests_with_usage,reasoning_output_tokens,reasoning_output_tokens_unknown_records,reasoning_unknown_records,records,round,successful_attempt_records,tool_input_tokens,tool_input_tokens_unknown_records,total_tokens,total_tokens_unknown_records,uncached_input_tokens,uncached_input_tokens_unknown_records,unknown_usage_records
,89,,89,0,0,3526272,0,astra,57.735262,0,recorded invocation coverage,57.735262,57.735262,57.735262,0,0,0,8710536,0,25342,0,57.735262,57.735262,47327,0,89,89,21985,0,0,89,1,89,0,0,8757863,0,5184264,0,0
,75,,75,0,0,2579968,0,astra,50.261578,0,recorded invocation coverage,107.99684,107.99684,107.99684,0,0,0,7169079,0,23597,0,50.261578,50.261578,35810,0,75,75,12213,0,0,75,2,75,0,0,7204889,0,4589111,0,0
,76,,76,0,0,2894720,0,astra,56.33696,0,recorded invocation coverage,164.3338,164.3338,164.3338,0,0,0,8043104,0,26302,0,56.33696,56.33696,39168,0,76,76,12866,0,0,76,3,76,0,0,8082272,0,5148384,0,0
,83,,83,0,0,3575552,0,astra,58.533702,0,recorded invocation coverage,222.867502,222.867502,222.867502,0,0,0,8834682,0,31438,0,58.533702,58.533702,47337,0,83,83,15899,0,0,83,4,83,0,0,8882019,0,5259130,0,0
,97,,97,0,0,5016832,0,astra,70.155852,0,recorded invocation coverage,293.023354,293.023354,293.023354,0,0,0,11310884,0,30103,0,70.155852,70.155852,43970,0,97,97,13867,0,0,97,5,97,0,0,11354854,0,6294052,0,0
,75,,75,0,0,3688192,0,astra,53.408292,0,recorded invocation coverage,346.431646,346.431646,346.431646,0,0,0,8461112,0,26963,0,53.408292,53.408292,39818,0,75,75,12855,0,0,75,6,75,0,0,8500930,0,4772920,0,0
,101,,101,0,0,4856832,0,astra,89.330412,0,recorded invocation coverage,435.762058,435.762058,435.762058,0,0,0,13001145,0,38126,0,89.330412,89.330412,60609,0,101,101,22483,0,0,101,7,101,0,0,13061754,0,8144313,0,0
,80,,80,0,0,3390336,0,astra,69.100906,0,recorded invocation coverage,504.862964,504.862964,504.862964,0,0,0,9737933,0,28583,0,69.100906,69.100906,44692,0,80,80,16109,0,0,80,8,80,0,0,9782625,0,6347597,0,0
,75,,75,0,1,3164288,1,astra,,0,observed subtotal; additional usage unknown,,572.581582,572.581582,1,3,0,9344266,1,32975,1,67.718618,67.718618,55091,1,74,74,22116,1,1,75,9,72,0,1,9399357,1,6179978,1,1
,76,,76,0,1,2041600,1,astra,,0,observed subtotal; additional usage unknown,,639.028632,639.028632,2,48,0,8231180,1,35809,1,66.44705,66.44705,50193,1,75,75,14384,1,1,76,10,28,0,1,8281373,1,6189580,1,1
,140,,140,0,0,20263808,0,deepseek,1.040879,0,recorded invocation coverage,1.040879,1.040739,1.040879,0,0,0,21821768,0,58921,0,1.040739,1.040879,376528,0,140,140,317607,0,0,140,1,140,0,0,22198296,0,1557960,0,0
,85,,85,0,0,11758592,0,deepseek,1.121402,0,recorded invocation coverage,2.162281,2.162056,2.162281,0,0,0,13492460,0,66152,0,1.121317,1.121402,442209,0,85,85,376057,0,0,85,2,85,0,0,13934669,0,1733868,0,0
,151,,151,0,0,22328320,0,deepseek,0.990783,0,recorded invocation coverage,3.153064,3.152688,3.153064,0,0,0,23450633,0,37092,0,0.990632,0.990783,433367,0,151,151,396275,0,0,151,3,151,0,0,23884000,0,1122313,0,0
,129,,129,0,0,20064000,0,deepseek,0.679656,0,recorded invocation coverage,3.83272,3.832215,3.83272,0,0,0,20835220,0,49676,0,0.679527,0.679656,273201,0,129,129,223525,0,0,129,4,129,0,0,21108421,0,771220,0,0
,214,,214,0,1,35308800,1,deepseek,,0,observed subtotal; additional usage unknown,,4.686989,4.687706,1,63,0,36264612,1,66488,1,0.854774,0.854986,296899,1,214,213,230411,1,1,214,5,151,0,1,36561511,1,955812,1,1
,110,,110,0,0,16293888,0,deepseek,0.58599,0,recorded invocation coverage,,5.27287,5.273696,1,0,0,16966409,0,40494,0,0.585881,0.58599,238681,0,110,110,198187,0,0,110,6,110,0,0,17205090,0,672521,0,0
,48,,48,0,0,4472960,0,deepseek,0.410495,0,recorded invocation coverage,,5.683317,5.684191,1,0,0,5147244,0,18060,0,0.410447,0.410495,151122,0,48,48,133062,0,0,48,7,48,0,0,5298366,0,674284,0,0
,181,,181,0,0,28455552,0,deepseek,0.907364,0,recorded invocation coverage,,6.5905,6.591555,1,0,0,29687506,0,52749,0,0.907183,0.907364,305796,0,181,181,253047,0,0,181,8,181,0,0,29993302,0,1231954,0,0
,99,,99,0,2,13086080,2,deepseek,,0,observed subtotal; additional usage unknown,,7.394777,7.395929,3,78,0,14355849,2,42972,2,0.804277,0.804374,287396,2,99,97,244424,2,2,99,9,21,0,2,14643245,2,1269769,2,2
,91,,91,0,0,12901248,0,deepseek,0.580844,0,recorded invocation coverage,,7.97553,7.976773,3,0,0,13607265,0,28552,0,0.580753,0.580844,242990,0,91,91,214438,0,0,91,10,91,0,0,13850255,0,706017,0,0
,227,,227,0,0,36093660,11,gemini,5.497748,0,recorded invocation coverage,5.497748,4.001311,5.497748,0,0,11,39312984,0,40601,0,4.001311,5.497748,100299,0,227,227,59698,0,0,227,1,227,0,0,39413283,0,1002708,11,0
,299,,299,0,0,105613140,23,gemini,16.523342,0,recorded invocation coverage,22.02109,14.742262,22.02109,0,0,23,116130726,0,80031,0,10.740951,16.523342,190405,0,299,299,110374,0,0,299,2,299,0,0,116321131,0,1951510,23,0
,166,,166,0,0,26215744,7,gemini,3.844325,0,recorded invocation coverage,25.865415,17.835803,25.865415,0,0,7,28129244,0,42675,0,3.093541,3.844325,118117,0,166,166,75442,0,0,166,3,166,0,0,28247361,0,801466,7,0
,223,,223,0,0,54150183,7,gemini,6.624256,0,recorded invocation coverage,32.489671,23.597204,32.489671,0,0,7,56578025,0,62647,0,5.761401,6.624256,197868,0,223,223,135221,0,0,223,4,223,0,0,56775893,0,1149859,7,0
,180,,180,0,0,38295625,5,gemini,5.248792,0,recorded invocation coverage,37.738463,28.080726,37.738463,0,0,5,40377268,0,86925,0,4.483522,5.248792,217413,0,180,180,130488,0,0,180,5,180,0,0,40594681,0,948169,5,0
,244,,244,0,0,92519930,8,gemini,11.34789,0,recorded invocation coverage,49.086353,37.278556,49.086353,0,0,8,97076813,0,89380,0,9.19783,11.34789,264296,0,244,244,174916,0,0,244,6,244,0,0,97341109,0,1371957,8,0
,186,,186,0,0,66614346,5,gemini,7.988571,0,recorded invocation coverage,57.074924,43.926034,57.074924,0,0,5,69752241,0,48089,0,6.647478,7.988571,170396,0,186,186,122307,0,0,186,7,186,0,0,69922637,0,1151359,5,0
,196,,196,0,0,50221889,7,gemini,6.363875,0,recorded invocation coverage,63.438799,49.350878,63.438799,0,0,7,52963314,0,53363,0,5.424844,6.363875,144286,0,196,196,90923,0,0,196,8,196,0,0,53107600,0,1350548,7,0
,143,,143,0,0,35706264,3,gemini,4.279232,0,recorded invocation coverage,67.718031,53.209165,67.718031,0,0,3,37162306,0,40346,0,3.858287,4.279232,135776,0,143,143,95430,0,0,143,9,143,0,0,37298082,0,832626,3,0
,153,,153,0,0,43359108,5,gemini,5.619563,0,recorded invocation coverage,73.337594,57.849593,73.337594,0,1,5,45728079,0,41273,0,4.640428,5.619563,157553,0,153,153,116280,0,0,153,10,152,0,0,45885632,0,918620,5,0
1353319.0,0,0.0,0,1353319,0,29773295,0,opus,24.628517,3,recorded invocation coverage,24.628517,24.628514,24.628517,0,0,0,31127230,0,133204,0,24.628514,24.628517,392242,0,0,0,259038,0,0,3,1,3,0,0,31519472,0,616,0,0
784036.0,0,0.0,0,784036,0,18067464,0,opus,14.565594,3,recorded invocation coverage,39.194111,39.194105,39.194111,0,0,0,18851888,0,95381,0,14.565591,14.565594,233913,0,0,0,138532,0,0,3,2,3,0,0,19085801,0,388,0,0
959211.0,0,0.0,0,959211,0,19790299,0,opus,15.645884,3,recorded invocation coverage,54.839995,54.839988,54.839995,0,0,0,20749874,0,61806,0,15.645883,15.645884,200634,0,0,0,138828,0,0,3,3,3,0,0,20950508,0,364,0,0
903262.0,0,0.0,0,903262,0,16530150,0,opus,15.048327,3,recorded invocation coverage,69.888322,69.888312,69.888322,0,0,0,17433722,0,92360,0,15.048324,15.048327,225748,0,0,0,133388,0,0,3,4,3,0,0,17659470,0,310,0,0
1392528.0,0,0.0,0,1392528,0,24607538,0,opus,22.863144,3,recorded invocation coverage,92.751466,92.751455,92.751466,0,0,0,26000544,0,96700,0,22.863143,22.863144,339975,0,0,0,243275,0,0,3,5,3,0,0,26340519,0,478,0,0
1162792.0,0,0.0,0,1162792,0,24186712,0,opus,23.78286,3,recorded invocation coverage,116.534326,116.534312,116.534326,0,0,0,25350064,0,232927,0,23.782857,23.78286,482047,0,0,0,249120,0,0,3,6,3,0,0,25832111,0,560,0,0
1298609.0,0,0.0,0,1298609,0,28347367,0,opus,23.373706,3,recorded invocation coverage,139.908032,139.908017,139.908032,0,0,0,29646506,0,116001,0,23.373705,23.373706,365662,0,0,0,249661,0,0,3,7,3,0,0,30012168,0,530,0,0
1899204.0,0,0.0,0,1899204,0,37242790,0,opus,33.315995,3,recorded invocation coverage,173.224027,173.224009,173.224027,0,0,0,39142760,0,189811,0,33.315992,33.315995,533537,0,0,0,343726,0,0,3,8,3,0,0,39676297,0,766,0,0
1325377.0,0,0.0,0,1325377,0,25253895,0,opus,23.202053,3,recorded invocation coverage,196.42608,196.426059,196.42608,0,0,0,26579816,0,121919,0,23.20205,23.202053,377304,0,0,0,255385,0,0,3,9,3,0,0,26957120,0,544,0,0
763059.0,0,0.0,0,763059,0,17173403,0,opus,13.44077,3,recorded invocation coverage,209.86685,209.866827,209.86685,0,0,0,17936796,0,93310,0,13.440768,13.44077,195014,0,0,0,101704,0,0,3,10,3,0,0,18131810,0,334,0,0
