campaign,core_abs_pct,cores,kind,mae_L,promoted,round,split,stage
astra,23.669059815495295,1,retained,0.5425008952265906,,0,training,single_core
astra,24.90287930451552,1,retained,0.5308634367491337,,0,validation,single_core
astra,4.265762707772138,1,submitted,0.22524536791424385,True,1,training,single_core
astra,7.681125601389851,1,submitted,0.2598071846946882,True,1,validation,single_core
astra,4.265762707772138,1,retained,0.22524536791424385,True,1,training,single_core
astra,7.681125601389851,1,retained,0.2598071846946882,True,1,validation,single_core
astra,3.466275073665419,1,submitted,0.20609310099752173,True,2,training,single_core
astra,6.052582678654991,1,submitted,0.2148519828529194,True,2,validation,single_core
astra,3.466275073665419,1,retained,0.20609310099752173,True,2,training,single_core
astra,6.052582678654991,1,retained,0.2148519828529194,True,2,validation,single_core
astra,0.7366271746736571,1,submitted,0.18115098024504808,True,3,training,single_core
astra,2.649314679892918,1,submitted,0.17393238170573314,True,3,validation,single_core
astra,0.7366271746736571,1,retained,0.18115098024504808,True,3,training,single_core
astra,2.649314679892918,1,retained,0.17393238170573314,True,3,validation,single_core
astra,0.7147262190452507,1,submitted,0.1793544294363825,True,4,training,single_core
astra,2.6486185150615844,1,submitted,0.1739352715264507,True,4,validation,single_core
astra,0.7147262190452507,1,retained,0.1793544294363825,True,4,training,single_core
astra,2.6486185150615844,1,retained,0.1739352715264507,True,4,validation,single_core
astra,0.7560455306855897,1,submitted,0.17590393954864408,True,5,training,single_core
astra,2.650609490737255,1,submitted,0.170445151508439,True,5,validation,single_core
astra,0.7560455306855897,1,retained,0.17590393954864408,True,5,training,single_core
astra,2.650609490737255,1,retained,0.170445151508439,True,5,validation,single_core
astra,0.7781667611681033,1,submitted,0.1753637780916081,False,6,training,single_core
astra,2.6416585208060477,1,submitted,0.17025542839367208,False,6,validation,single_core
astra,0.7560455306855897,1,retained,0.17590393954864408,False,6,training,single_core
astra,2.650609490737255,1,retained,0.170445151508439,False,6,validation,single_core
astra,0.6962508214543338,1,submitted,0.176789512830727,True,7,training,single_core
astra,2.641658415724251,1,submitted,0.17096348408690093,True,7,validation,single_core
astra,0.6962508214543338,1,retained,0.176789512830727,True,7,training,single_core
astra,2.641658415724251,1,retained,0.17096348408690093,True,7,validation,single_core
astra,0.6753133023389184,1,submitted,0.17288798553117185,True,8,training,single_core
astra,2.1199131365822894,1,submitted,0.16164529903154765,True,8,validation,single_core
astra,0.6753133023389184,1,retained,0.17288798553117185,True,8,training,single_core
astra,2.1199131365822894,1,retained,0.16164529903154765,True,8,validation,single_core
astra,1.0054983978048582,1,submitted,0.16203677048592913,False,9,training,single_core
astra,2.5502237025196592,1,submitted,0.1473495617756397,False,9,validation,single_core
astra,0.6753133023389184,1,retained,0.17288798553117185,False,9,training,single_core
astra,2.1199131365822894,1,retained,0.16164529903154765,False,9,validation,single_core
astra,0.3894363407491835,1,submitted,0.17240007477170177,True,10,training,single_core
astra,2.154533893784704,1,submitted,0.15850632606951906,True,10,validation,single_core
astra,0.3894363407491835,1,retained,0.17240007477170177,True,10,training,single_core
astra,2.154533893784704,1,retained,0.15850632606951906,True,10,validation,single_core
deepseek,23.669059815495295,1,retained,0.5425008952265906,,0,training,single_core
deepseek,24.90287930451552,1,retained,0.5308634367491337,,0,validation,single_core
deepseek,7.559882052885213,1,submitted,0.2407031733282749,True,1,training,single_core
deepseek,9.908721178598652,1,submitted,0.2440552027608685,True,1,validation,single_core
deepseek,7.559882052885213,1,retained,0.2407031733282749,True,1,training,single_core
deepseek,9.908721178598652,1,retained,0.2440552027608685,True,1,validation,single_core
deepseek,3.409739441699735,1,submitted,0.2785853963710827,True,2,training,single_core
deepseek,6.3640463589366165,1,submitted,0.21946912860387974,True,2,validation,single_core
deepseek,3.409739441699735,1,retained,0.2785853963710827,True,2,training,single_core
deepseek,6.3640463589366165,1,retained,0.21946912860387974,True,2,validation,single_core
deepseek,4.544658549721267,1,submitted,0.17581254132474555,True,3,training,single_core
deepseek,7.480367083820079,1,submitted,0.18150763196204403,True,3,validation,single_core
deepseek,4.544658549721267,1,retained,0.17581254132474555,True,3,training,single_core
deepseek,7.480367083820079,1,retained,0.18150763196204403,True,3,validation,single_core
deepseek,4.544658549721267,1,submitted,0.17581254132474555,False,4,training,single_core
deepseek,7.480367083820079,1,submitted,0.18150763196204403,False,4,validation,single_core
deepseek,4.544658549721267,1,retained,0.17581254132474555,False,4,training,single_core
deepseek,7.480367083820079,1,retained,0.18150763196204403,False,4,validation,single_core
deepseek,4.544658549721267,1,submitted,0.17581254132474555,False,5,training,single_core
deepseek,7.480367083820079,1,submitted,0.18150763196204403,False,5,validation,single_core
deepseek,4.544658549721267,1,retained,0.17581254132474555,False,5,training,single_core
deepseek,7.480367083820079,1,retained,0.18150763196204403,False,5,validation,single_core
deepseek,3.8445995556440082,1,submitted,0.18062727063061104,True,6,training,single_core
deepseek,7.416285988852619,1,submitted,0.1821807810709288,True,6,validation,single_core
deepseek,3.8445995556440082,1,retained,0.18062727063061104,True,6,training,single_core
deepseek,7.416285988852619,1,retained,0.1821807810709288,True,6,validation,single_core
deepseek,0.7958021656462257,1,submitted,0.173914530120632,True,7,training,single_core
deepseek,2.187319472222376,1,submitted,0.15784031492909079,True,7,validation,single_core
deepseek,0.7958021656462257,1,retained,0.173914530120632,True,7,training,single_core
deepseek,2.187319472222376,1,retained,0.15784031492909079,True,7,validation,single_core
deepseek,0.7958021656462257,1,submitted,0.173914530120632,False,8,training,single_core
deepseek,2.187319472222376,1,submitted,0.15784031492909079,False,8,validation,single_core
deepseek,0.7958021656462257,1,retained,0.173914530120632,False,8,training,single_core
deepseek,2.187319472222376,1,retained,0.15784031492909079,False,8,validation,single_core
deepseek,0.7958021656462257,1,submitted,0.173914530120632,False,9,training,single_core
deepseek,2.187319472222376,1,submitted,0.15784031492909079,False,9,validation,single_core
deepseek,0.7958021656462257,1,retained,0.173914530120632,False,9,training,single_core
deepseek,2.187319472222376,1,retained,0.15784031492909079,False,9,validation,single_core
deepseek,0.7958021656462257,1,submitted,0.173914530120632,False,10,training,single_core
deepseek,2.187319472222376,1,submitted,0.15784031492909079,False,10,validation,single_core
deepseek,0.7958021656462257,1,retained,0.173914530120632,False,10,training,single_core
deepseek,2.187319472222376,1,retained,0.15784031492909079,False,10,validation,single_core
opus,23.669059815495295,1,retained,0.5425008952265906,,0,training,single_core
opus,24.90287930451552,1,retained,0.5308634367491337,,0,validation,single_core
opus,0.5417896032120282,1,submitted,0.10205179709993491,True,1,training,single_core
opus,0.8536705882450429,1,submitted,0.09336526669017942,True,1,validation,single_core
opus,0.5417896032120282,1,retained,0.10205179709993491,True,1,training,single_core
opus,0.8536705882450429,1,retained,0.09336526669017942,True,1,validation,single_core
opus,0.22934972995986125,1,submitted,0.09459612918085462,True,2,training,single_core
opus,0.6996000058388329,1,submitted,0.06353971242561524,True,2,validation,single_core
opus,0.22934972995986125,1,retained,0.09459612918085462,True,2,training,single_core
opus,0.6996000058388329,1,retained,0.06353971242561524,True,2,validation,single_core
opus,0.2181903982038938,1,submitted,0.09080126023383929,True,3,training,single_core
opus,0.7092319934191392,1,submitted,0.06009892945536892,True,3,validation,single_core
opus,0.2181903982038938,1,retained,0.09080126023383929,True,3,training,single_core
opus,0.7092319934191392,1,retained,0.06009892945536892,True,3,validation,single_core
opus,0.16853979666751548,1,submitted,0.08909215654156499,True,4,training,single_core
opus,0.4504072662281087,1,submitted,0.05757618508074539,True,4,validation,single_core
opus,0.16853979666751548,1,retained,0.08909215654156499,True,4,training,single_core
opus,0.4504072662281087,1,retained,0.05757618508074539,True,4,validation,single_core
opus,0.10139796587424679,1,submitted,0.09042579941041173,False,5,training,single_core
opus,0.4504238153112659,1,submitted,0.05761257987205746,False,5,validation,single_core
opus,0.16853979666751548,1,retained,0.08909215654156499,False,5,training,single_core
opus,0.4504072662281087,1,retained,0.05757618508074539,False,5,validation,single_core
opus,0.11643064450415537,1,submitted,0.08630321909804003,True,6,training,single_core
opus,0.4577355119777936,1,submitted,0.057070936248347734,True,6,validation,single_core
opus,0.11643064450415537,1,retained,0.08630321909804003,True,6,training,single_core
opus,0.4577355119777936,1,retained,0.057070936248347734,True,6,validation,single_core
opus,0.0965054287489916,1,submitted,0.08484131341166963,True,7,training,single_core
opus,0.45791944414977054,1,submitted,0.057114588034070726,True,7,validation,single_core
opus,0.0965054287489916,1,retained,0.08484131341166963,True,7,training,single_core
opus,0.45791944414977054,1,retained,0.057114588034070726,True,7,validation,single_core
opus,0.09655994402229584,1,submitted,0.08479177553308484,False,8,training,single_core
opus,0.45791944414977054,1,submitted,0.057114588034070726,False,8,validation,single_core
opus,0.0965054287489916,1,retained,0.08484131341166963,False,8,training,single_core
opus,0.45791944414977054,1,retained,0.057114588034070726,False,8,validation,single_core
opus,0.1088343268113052,1,submitted,0.08370597685157255,False,9,training,single_core
opus,0.4614028761921238,1,submitted,0.05508670513506632,False,9,validation,single_core
opus,0.0965054287489916,1,retained,0.08484131341166963,False,9,training,single_core
opus,0.45791944414977054,1,retained,0.057114588034070726,False,9,validation,single_core
opus,0.08601883148261853,1,submitted,0.08468621612080451,True,10,training,single_core
opus,0.4459755899246149,1,submitted,0.05520547197421257,True,10,validation,single_core
opus,0.08601883148261853,1,retained,0.08468621612080451,True,10,training,single_core
opus,0.4459755899246149,1,retained,0.05520547197421257,True,10,validation,single_core
gemini,23.669059815495295,1,retained,0.5425008952265906,,0,training,single_core
gemini,24.90287930451552,1,retained,0.5308634367491337,,0,validation,single_core
gemini,9.876718412467525,1,submitted,0.23282249952300685,True,1,training,single_core
gemini,12.448331203915671,1,submitted,0.25059071953940293,True,1,validation,single_core
gemini,9.876718412467525,1,retained,0.23282249952300685,True,1,training,single_core
gemini,12.448331203915671,1,retained,0.25059071953940293,True,1,validation,single_core
gemini,8.438465244003671,1,submitted,0.23072956514505746,True,2,training,single_core
gemini,11.281327785070937,1,submitted,0.24984521928226994,True,2,validation,single_core
gemini,8.438465244003671,1,retained,0.23072956514505746,True,2,training,single_core
gemini,11.281327785070937,1,retained,0.24984521928226994,True,2,validation,single_core
gemini,2.2484571106629065,1,submitted,0.18836720140910673,True,3,training,single_core
gemini,2.5718954360225803,1,submitted,0.1774906943638888,True,3,validation,single_core
gemini,2.2484571106629065,1,retained,0.18836720140910673,True,3,training,single_core
gemini,2.5718954360225803,1,retained,0.1774906943638888,True,3,validation,single_core
gemini,2.2699425272793308,1,submitted,0.18827133721001224,False,4,training,single_core
gemini,2.581354348139015,1,submitted,0.1774714333649647,False,4,validation,single_core
gemini,2.2484571106629065,1,retained,0.18836720140910673,False,4,training,single_core
gemini,2.5718954360225803,1,retained,0.1774906943638888,False,4,validation,single_core
gemini,2.229320641464393,1,submitted,0.18836507694801088,True,5,training,single_core
gemini,2.5664156930018285,1,submitted,0.17737199647929194,True,5,validation,single_core
gemini,2.229320641464393,1,retained,0.18836507694801088,True,5,training,single_core
gemini,2.5664156930018285,1,retained,0.17737199647929194,True,5,validation,single_core
gemini,1.8492784923109558,1,submitted,0.18567086374539302,True,6,training,single_core
gemini,2.043446943960976,1,submitted,0.17422945506437107,True,6,validation,single_core
gemini,1.8492784923109558,1,retained,0.18567086374539302,True,6,training,single_core
gemini,2.043446943960976,1,retained,0.17422945506437107,True,6,validation,single_core
gemini,1.7574532065882846,1,submitted,0.1846913997992545,True,7,training,single_core
gemini,1.868420160622302,1,submitted,0.17324996862141107,True,7,validation,single_core
gemini,1.7574532065882846,1,retained,0.1846913997992545,True,7,training,single_core
gemini,1.868420160622302,1,retained,0.17324996862141107,True,7,validation,single_core
gemini,1.567369148553182,1,submitted,0.1832921910291039,True,8,training,single_core
gemini,1.2533566501017415,1,submitted,0.1690589503308322,True,8,validation,single_core
gemini,1.567369148553182,1,retained,0.1832921910291039,True,8,training,single_core
gemini,1.2533566501017415,1,retained,0.1690589503308322,True,8,validation,single_core
gemini,1.483838157053026,1,submitted,0.18404500751838923,True,9,training,single_core
gemini,1.0772215539789676,1,submitted,0.1709052201456869,True,9,validation,single_core
gemini,1.483838157053026,1,retained,0.18404500751838923,True,9,training,single_core
gemini,1.0772215539789676,1,retained,0.1709052201456869,True,9,validation,single_core
gemini,0.8652130305036653,1,submitted,0.1556086227021658,True,10,training,single_core
gemini,1.167486659783899,1,submitted,0.15014264205716327,True,10,validation,single_core
gemini,0.8652130305036653,1,retained,0.1556086227021658,True,10,training,single_core
gemini,1.167486659783899,1,retained,0.15014264205716327,True,10,validation,single_core
