batch,arm,pattern,read_percent,interval,n,median,oracle_relative_speedup
batch_a,oracle,streaming,100,4,5,81278.8889608881,1.0
batch_a,astra_single_core,streaming,100,4,5,5339701.241750514,65.69604124780804
batch_a,deepseek_single_core,streaming,100,4,5,3315707.5866312045,40.79420411648027
batch_a,fixedlat,streaming,100,4,5,2372355.305363338,29.187841217969034
batch_a,md1,streaming,100,4,5,6112540.8303363,75.20453230208021
batch_a,wmg1,streaming,100,4,5,3833403.3538956554,47.16357965646298
batch_a,mess,streaming,100,4,5,4162419.3305131285,51.21156777273506
batch_a,oracle,streaming,50,256,5,173065.82303175394,1.0
batch_a,astra_single_core,streaming,50,256,5,5763688.960127572,33.30344986179077
batch_a,deepseek_single_core,streaming,50,256,5,4379679.741454821,25.306439276871217
batch_a,fixedlat,streaming,50,256,5,12115780.844289448,70.00677910893161
batch_a,md1,streaming,50,256,5,12106128.501411358,69.95100643984536
batch_a,wmg1,streaming,50,256,5,7579946.5643177405,43.798055742796656
batch_a,mess,streaming,50,256,5,11364853.100306809,65.667807203168
batch_a,oracle,streaming,50,16,5,552554.5163094004,1.0
batch_a,astra_single_core,streaming,50,16,5,5039323.702359961,9.120047983714633
batch_a,deepseek_single_core,streaming,50,16,5,3936711.8797789854,7.124567374949554
batch_a,fixedlat,streaming,50,16,5,11091692.343065592,20.07348056287508
batch_a,md1,streaming,50,16,5,11296702.65584508,20.444503342941715
batch_a,wmg1,streaming,50,16,5,6559075.750876039,11.870459035762028
batch_a,mess,streaming,50,16,5,9167088.361898404,16.59037812798427
batch_a,oracle,random,100,4,5,71791.10999387036,1.0
batch_a,astra_single_core,random,100,4,5,4937482.636663404,68.77568318814092
batch_a,deepseek_single_core,random,100,4,5,3405245.762845546,47.43269414745491
batch_a,fixedlat,random,100,4,5,2372552.4809107017,33.04799829830287
batch_a,md1,random,100,4,5,6138791.630580701,85.5090780892626
batch_a,wmg1,random,100,4,5,3814213.49326479,53.12932887638113
batch_a,mess,random,100,4,5,4153495.672296336,57.85529256548573
batch_a,oracle,random,50,16,5,140226.49278280954,1.0
batch_a,astra_single_core,random,50,16,5,4565842.676709416,32.560485441087394
batch_a,deepseek_single_core,random,50,16,5,3550198.5388534497,25.317602033676984
batch_a,fixedlat,random,50,16,5,11105857.250881596,79.19942252340971
batch_a,md1,random,50,16,5,11340284.064090993,80.87119515750454
batch_a,wmg1,random,50,16,5,6559240.234702839,46.776041420804475
batch_a,mess,random,50,16,5,9176817.972469103,65.44282603347044
batch_a,oracle,random,75,16,5,183231.00638065644,1.0
batch_a,astra_single_core,random,75,16,5,4770069.235122212,26.033089755630925
batch_a,deepseek_single_core,random,75,16,5,3612652.1450839224,19.71637997544343
batch_a,fixedlat,random,75,16,5,9178531.457509272,50.09267611858864
batch_a,md1,random,75,16,5,9530652.56866107,52.01440933452851
batch_a,wmg1,random,75,16,5,5624301.239626139,30.695139161883098
batch_a,mess,random,75,16,5,7880455.581872004,43.008308132634575
batch_a,oracle,streaming,75,16,5,752448.6036862353,1.0
batch_a,astra_single_core,streaming,75,16,5,5222670.123170418,6.940899481485685
batch_a,deepseek_single_core,streaming,75,16,5,4010430.642432601,5.32983996885044
batch_a,fixedlat,streaming,75,16,5,9169812.190398943,12.186629286673083
batch_a,md1,streaming,75,16,5,9521135.60808535,12.653536150431323
batch_a,wmg1,streaming,75,16,5,5711797.74657607,7.590947366496598
batch_a,mess,streaming,75,16,5,7883332.580842961,10.476905056667823
batch_a,oracle,random,75,1,5,60549.23574133291,1.0
batch_a,astra_single_core,random,75,1,5,4440257.660372701,73.33300917853921
batch_a,deepseek_single_core,random,75,1,5,2785198.367863284,45.99890211268209
batch_a,fixedlat,random,75,1,5,2580106.2167187645,42.611705748706896
batch_a,md1,random,75,1,5,6942505.325568065,114.65884318055697
batch_a,wmg1,random,75,1,5,3927301.255189045,64.86128531772927
batch_a,mess,random,75,1,5,4171690.045475418,68.89748473947598
batch_a,oracle,random,100,16,5,302300.31787798024,1.0
batch_a,astra_single_core,random,100,16,5,5003801.287762287,16.55241821406886
batch_a,deepseek_single_core,random,100,16,5,3820610.995579528,12.638461720446058
batch_a,fixedlat,random,100,16,5,8071743.255488645,26.701074322874856
batch_a,md1,random,100,16,5,8577256.233786006,28.373295450017054
batch_a,wmg1,random,100,16,5,5063744.486669693,16.750708441906472
batch_a,mess,random,100,16,5,6827931.781991545,22.586584856809694
batch_a,oracle,random,100,1,5,71974.77618990299,1.0
batch_a,astra_single_core,random,100,1,5,4938834.7345330985,68.61896619868816
batch_a,deepseek_single_core,random,100,1,5,3400219.7334879073,47.241824337411536
batch_a,fixedlat,random,100,1,5,1868505.604240997,25.96056150714535
batch_a,md1,random,100,1,5,6184682.225844472,85.92846762769223
batch_a,wmg1,random,100,1,5,3384320.465349804,47.02092378058099
batch_a,mess,random,100,1,5,4024004.59743491,55.90853921959704
batch_a,oracle,random,75,256,5,127693.06385959263,1.0
batch_a,astra_single_core,random,75,256,5,5857261.219673483,45.869846353706
batch_a,deepseek_single_core,random,75,256,5,4375685.632198277,34.267214678235355
batch_a,fixedlat,random,75,256,5,10210234.966197332,79.9591979202895
batch_a,md1,random,75,256,5,10212948.618857715,79.98044929118123
batch_a,wmg1,random,75,256,5,6580842.321967663,51.53641179135427
batch_a,mess,random,75,256,5,9641040.741169738,75.50167918102998
batch_a,oracle,streaming,100,16,5,1376990.7926315423,1.0
batch_a,astra_single_core,streaming,100,16,5,5549838.968591909,4.0304110951865635
batch_a,deepseek_single_core,streaming,100,16,5,4138266.139288016,3.005296884650514
batch_a,fixedlat,streaming,100,16,5,8026238.19644957,5.828824883506135
batch_a,md1,streaming,100,16,5,8566032.59254449,6.2208350545134
batch_a,wmg1,streaming,100,16,5,5054840.525953366,3.6709326983175767
batch_a,mess,streaming,100,16,5,6831235.548563892,4.96098854481724
batch_a,oracle,streaming,50,1,5,76518.15759285951,1.0
batch_a,astra_single_core,streaming,50,1,5,4523636.491482556,59.118471141870394
batch_a,deepseek_single_core,streaming,50,1,5,2380325.64574381,31.10798430888953
batch_a,fixedlat,streaming,50,1,5,3510509.9968733503,45.87813020214358
batch_a,md1,streaming,50,1,5,8907657.664057529,116.41233851256202
batch_a,wmg1,streaming,50,1,5,4786523.062601564,62.55408145174984
batch_a,mess,streaming,50,1,5,5811276.611645817,75.94637396481318
batch_a,oracle,random,75,4,5,59412.64154354317,1.0
batch_a,astra_single_core,random,75,4,5,4464596.342562495,75.14556206511065
batch_a,deepseek_single_core,random,75,4,5,2789455.7381442655,46.95054226969339
batch_a,fixedlat,random,75,4,5,3012490.1232574135,50.704530971739025
batch_a,md1,random,75,4,5,6982321.297320995,117.52248538223456
batch_a,wmg1,random,75,4,5,4375539.437285641,73.64660657410485
batch_a,mess,random,75,4,5,4847691.279659571,81.5935995053633
batch_a,oracle,streaming,100,256,5,173531.7825992006,1.0
batch_a,astra_single_core,streaming,100,256,5,6203372.159309172,35.747757940324114
batch_a,deepseek_single_core,streaming,100,256,5,4487887.8047580095,25.862050959987563
batch_a,fixedlat,streaming,100,256,5,9012697.020869043,51.9368664683478
batch_a,md1,streaming,100,256,5,9032916.127025202,52.05338175939888
batch_a,wmg1,streaming,100,256,5,5711195.846372451,32.91152641221562
batch_a,mess,streaming,100,256,5,8516024.019902207,49.074722176809104
batch_a,oracle,random,100,256,5,129605.2359830192,1.0
batch_a,astra_single_core,random,100,256,5,6066289.6445813915,46.805899457458594
batch_a,deepseek_single_core,random,100,256,5,4459324.35759932,34.406976876949464
batch_a,fixedlat,random,100,256,5,9036398.169041388,69.72247764916945
batch_a,md1,random,100,256,5,9028305.409500947,69.6600360396229
batch_a,wmg1,random,100,256,5,5738393.39353918,44.27593800524402
batch_a,mess,random,100,256,5,8501521.685666213,65.59551102379905
batch_a,oracle,streaming,100,64,5,585669.1827331409,1.0
batch_a,astra_single_core,streaming,100,64,5,6191056.552499535,10.570910566965035
batch_a,deepseek_single_core,streaming,100,64,5,4439592.222708493,7.5803753272286905
batch_a,fixedlat,streaming,100,64,5,9041593.13493099,15.438055136752476
batch_a,md1,streaming,100,64,5,9042602.946969109,15.439779338858187
batch_a,wmg1,streaming,100,64,5,5509561.60063528,9.40729299589202
batch_a,mess,streaming,100,64,5,7763269.553638535,13.255383384540918
batch_a,oracle,random,50,64,5,260208.23503215905,1.0
batch_a,astra_single_core,random,50,64,5,5151797.358856486,19.7987483302355
batch_a,deepseek_single_core,random,50,64,5,4029829.588460383,15.486941018459072
batch_a,fixedlat,random,50,64,5,12125665.48865503,46.599852949144456
batch_a,md1,random,50,64,5,12142331.064221453,46.66390002115339
batch_a,wmg1,random,50,64,5,7249913.8659483325,27.861969337950885
batch_a,mess,random,50,64,5,10909479.04058559,41.92595610679766
batch_a,oracle,streaming,75,1,5,76564.65383611387,1.0
batch_a,astra_single_core,streaming,75,1,5,4724929.444046091,61.711628111840895
batch_a,deepseek_single_core,streaming,75,1,5,2846769.307867802,37.181247027659694
batch_a,fixedlat,streaming,75,1,5,2583198.1743773874,33.73878212662864
batch_a,md1,streaming,75,1,5,6919228.7184458915,90.37105729304875
batch_a,wmg1,streaming,75,1,5,3914556.78123721,51.127466593348586
batch_a,mess,streaming,75,1,5,4166165.324218768,54.41368980961394
batch_a,oracle,random,50,256,5,128691.04537145785,1.0
batch_a,astra_single_core,random,50,256,5,5704574.214545306,44.32767018155339
batch_a,deepseek_single_core,random,50,256,5,4323040.569152293,33.59239608843128
batch_a,fixedlat,random,50,256,5,12140458.942612888,94.33802412258203
batch_a,md1,random,50,256,5,12101682.70436923,94.03671148554707
batch_a,wmg1,random,50,256,5,7596419.710763859,59.02834722367291
batch_a,mess,random,50,256,5,11356593.881665936,88.24696270735784
batch_a,oracle,random,100,64,5,268453.948669303,1.0
batch_a,astra_single_core,random,100,64,5,5554619.676201711,20.691145366776524
batch_a,deepseek_single_core,random,100,64,5,4176889.412061923,15.559053732553794
batch_a,fixedlat,random,100,64,5,9055845.466474324,33.733329352625155
batch_a,md1,random,100,64,5,9045614.082950126,33.6952171044168
batch_a,wmg1,random,100,64,5,5520717.759292327,20.56485958451319
batch_a,mess,random,100,64,5,7751140.169853122,28.87325818180243
batch_a,oracle,streaming,75,64,5,585163.7940086179,1.0
batch_a,astra_single_core,streaming,75,64,5,5940229.209351619,10.15139567788115
batch_a,deepseek_single_core,streaming,75,64,5,4379449.125613771,7.484142338357445
batch_a,fixedlat,streaming,75,64,5,10234613.72028612,17.490169120298294
batch_a,md1,streaming,75,64,5,10228397.895209283,17.479546752440815
batch_a,wmg1,streaming,75,64,5,6325662.642512878,10.810071824812384
batch_a,mess,streaming,75,64,5,9041537.021800272,15.451292636993045
batch_a,oracle,streaming,75,4,5,76484.92663845558,1.0
batch_a,astra_single_core,streaming,75,4,5,4735965.037939148,61.92024031514164
batch_a,deepseek_single_core,streaming,75,4,5,2843156.250530604,37.172765608708886
batch_a,fixedlat,streaming,75,4,5,3016365.8824933614,39.43739002001963
batch_a,md1,streaming,75,4,5,7002313.56720353,91.55154976226207
batch_a,wmg1,streaming,75,4,5,4371628.134804043,57.15672782780768
batch_a,mess,streaming,75,4,5,4848625.852401759,63.39322093255347
batch_a,oracle,streaming,50,4,5,76034.05598761843,1.0
batch_a,astra_single_core,streaming,50,4,5,4511172.0574466,59.330940574592134
batch_a,deepseek_single_core,streaming,50,4,5,2382022.478462012,31.32836263331666
batch_a,fixedlat,streaming,50,4,5,4102583.407848898,53.95718214107863
batch_a,md1,streaming,50,4,5,8673851.872759562,114.07851074223942
batch_a,wmg1,streaming,50,4,5,5214520.399810253,68.5813788581711
batch_a,mess,streaming,50,4,5,6315146.067989741,83.05680903065483
batch_a,oracle,streaming,75,256,5,168156.09163679153,1.0
batch_a,astra_single_core,streaming,75,256,5,5975358.167868376,35.53459235229396
batch_a,deepseek_single_core,streaming,75,256,5,4426209.621454575,26.322029599825377
batch_a,fixedlat,streaming,75,256,5,10215627.084205007,60.75085942334003
batch_a,md1,streaming,75,256,5,10205898.720020885,60.69300624603656
batch_a,wmg1,streaming,75,256,5,6590135.067862858,39.19058182023646
batch_a,mess,streaming,75,256,5,9630337.028532816,57.270223961519314
batch_a,oracle,random,50,1,5,59286.78920964487,1.0
batch_a,astra_single_core,random,50,1,5,4317792.345657971,72.82891185740829
batch_a,deepseek_single_core,random,50,1,5,2321312.402510044,39.15395712022147
batch_a,fixedlat,random,50,1,5,3484978.70118326,58.78170748731183
batch_a,md1,random,50,1,5,8908195.744260566,150.25599906853054
batch_a,wmg1,random,50,1,5,4783475.374871589,80.68366390962197
batch_a,mess,random,50,1,5,5836428.188872381,98.44399176744254
batch_a,oracle,random,50,4,5,59298.38995932028,1.0
batch_a,astra_single_core,random,50,4,5,4304537.809408466,72.59114138447019
batch_a,deepseek_single_core,random,50,4,5,2331254.0314463386,39.31395157685764
batch_a,fixedlat,random,50,4,5,4100743.207708973,69.15437688143226
batch_a,md1,random,50,4,5,8689267.859025728,146.5346338237297
batch_a,wmg1,random,50,4,5,5211547.310846018,87.88682651284847
batch_a,mess,random,50,4,5,6315793.156788852,106.50867858506099
batch_a,oracle,streaming,100,1,5,81258.31359281146,1.0
batch_a,astra_single_core,streaming,100,1,5,5339022.692728984,65.70432558424768
batch_a,deepseek_single_core,streaming,100,1,5,3308058.6558999224,40.71040253772348
batch_a,fixedlat,streaming,100,1,5,1886320.5744343835,23.21387795329852
batch_a,md1,streaming,100,1,5,6184497.80372527,76.10910847493126
batch_a,wmg1,streaming,100,1,5,3375152.473778685,41.536088118831806
batch_a,mess,streaming,100,1,5,4002708.4406717974,49.25906364153117
batch_a,oracle,random,75,64,5,263936.33858596085,1.0
batch_a,astra_single_core,random,75,64,5,5315673.07974805,20.139981891947023
batch_a,deepseek_single_core,random,75,64,5,4060092.0056150164,15.38284583080512
batch_a,fixedlat,random,75,64,5,10231815.42775763,38.76622477440806
batch_a,md1,random,75,64,5,10247721.596900899,38.82648994754976
batch_a,wmg1,random,75,64,5,6334019.229074003,23.998284067319098
batch_a,mess,random,75,64,5,9037246.251296032,34.240250128925354
batch_a,oracle,streaming,50,64,5,575594.1926483025,1.0
batch_a,astra_single_core,streaming,50,64,5,5731943.197859845,9.958306166167587
batch_a,deepseek_single_core,streaming,50,64,5,4334491.848223475,7.5304648719274345
batch_a,fixedlat,streaming,50,64,5,12142344.775803879,21.09532189672916
batch_a,md1,streaming,50,64,5,12141189.779389093,21.093315280905827
batch_a,wmg1,streaming,50,64,5,7220134.427293059,12.543793039455975
batch_a,mess,streaming,50,64,5,10915431.671441106,18.96376268360062
batch_b,oracle,streaming,100,4,5,79582.49599791795,1.0
batch_b,opus_single_core,streaming,100,4,5,717893.5191381205,9.020746461092426
batch_b,gemini_single_core,streaming,100,4,5,3326053.650707519,41.79378403505383
batch_b,oracle,streaming,50,256,5,171318.504517081,1.0
batch_b,opus_single_core,streaming,50,256,5,3320073.7092751465,19.37953940605479
batch_b,gemini_single_core,streaming,50,256,5,6016358.435267712,35.1179719448687
batch_b,oracle,streaming,50,16,5,551742.8147525544,1.0
batch_b,opus_single_core,streaming,50,16,5,1182974.5447052452,2.144068781821446
batch_b,gemini_single_core,streaming,50,16,5,3519440.101115147,6.378769250839352
batch_b,oracle,random,100,4,5,73644.2635231799,1.0
batch_b,opus_single_core,random,100,4,5,1120966.478752711,15.22136857814976
batch_b,gemini_single_core,random,100,4,5,2275706.918895329,30.90134669048647
batch_b,oracle,random,50,16,5,141850.88497251502,1.0
batch_b,opus_single_core,random,50,16,5,275918.90396681684,1.9451334689965367
batch_b,gemini_single_core,random,50,16,5,3013096.360053951,21.241294057754857
batch_b,oracle,random,75,16,5,183659.9751802262,1.0
batch_b,opus_single_core,random,75,16,5,420610.92819041875,2.290161085874436
batch_b,gemini_single_core,random,75,16,5,3094020.261606282,16.846459107762094
batch_b,oracle,streaming,75,16,5,751551.2009648177,1.0
batch_b,opus_single_core,streaming,75,16,5,1596900.9951628305,2.1248066573678273
batch_b,gemini_single_core,streaming,75,16,5,4083167.7207991583,5.432986755336585
batch_b,oracle,random,75,1,5,60514.66721422991,1.0
batch_b,opus_single_core,random,75,1,5,517589.4877077333,8.553124581771197
batch_b,gemini_single_core,random,75,1,5,2325820.545953365,38.43399712865731
batch_b,oracle,random,100,16,5,302633.05847738555,1.0
batch_b,opus_single_core,random,100,16,5,1734213.076920625,5.730415195371709
batch_b,gemini_single_core,random,100,16,5,3836705.1245634165,12.677746257684921
batch_b,oracle,random,100,1,5,73602.16004986124,1.0
batch_b,opus_single_core,random,100,1,5,1126323.6122582993,15.302860833096197
batch_b,gemini_single_core,random,100,1,5,2283891.1058206214,31.030218464694734
batch_b,oracle,random,75,256,5,128377.74943999689,1.0
batch_b,opus_single_core,random,75,256,5,3102706.6763274027,24.16857040929505
batch_b,gemini_single_core,random,75,256,5,6176960.224971809,48.11550484345334
batch_b,oracle,streaming,100,16,5,1371276.2931238427,1.0
batch_b,opus_single_core,streaming,100,16,5,3044136.0346074337,2.219929017858775
batch_b,gemini_single_core,streaming,100,16,5,5141747.658310317,3.7496073432416264
batch_b,oracle,streaming,50,1,5,76456.06580118787,1.0
batch_b,opus_single_core,streaming,50,1,5,91933.16236742664,1.2024312447162082
batch_b,gemini_single_core,streaming,50,1,5,2710271.2538449955,35.448740730299086
batch_b,oracle,random,75,4,5,60474.998762119714,1.0
batch_b,opus_single_core,random,75,4,5,516513.3717907737,8.540940593029115
batch_b,gemini_single_core,random,75,4,5,2317271.6087033916,38.31784466533768
batch_b,oracle,streaming,100,256,5,167804.9084199955,1.0
batch_b,opus_single_core,streaming,100,256,5,3629785.9151976835,21.63098773078059
batch_b,gemini_single_core,streaming,100,256,5,6501273.100102535,38.743044892528594
batch_b,oracle,random,100,256,5,129430.16621653522,1.0
batch_b,opus_single_core,random,100,256,5,3444323.308665246,26.61144159316717
batch_b,gemini_single_core,random,100,256,5,6442833.374729397,49.77845245095806
batch_b,oracle,streaming,100,64,5,589773.2243147012,1.0
batch_b,opus_single_core,streaming,100,64,5,3528125.943771485,5.982173822609633
batch_b,gemini_single_core,streaming,100,64,5,6270605.114346666,10.63223092508637
batch_b,oracle,random,50,64,5,259332.1757870162,1.0
batch_b,opus_single_core,random,50,64,5,2624706.843211798,10.121022720171105
batch_b,gemini_single_core,random,50,64,5,4849982.231411098,18.701814445864525
batch_b,oracle,streaming,75,1,5,76474.13516785218,1.0
batch_b,opus_single_core,streaming,75,1,5,156218.4658088374,2.042762111215189
batch_b,gemini_single_core,streaming,75,1,5,2371946.2580109653,31.016320129738094
batch_b,oracle,random,50,256,5,129841.18738923874,1.0
batch_b,opus_single_core,random,50,256,5,3071156.224190272,23.653174204141713
batch_b,gemini_single_core,random,50,256,5,5879180.34179692,45.27977955232553
batch_b,oracle,random,100,64,5,266581.2798581033,1.0
batch_b,opus_single_core,random,100,64,5,3016540.5339658516,11.315650279612676
batch_b,gemini_single_core,random,100,64,5,5556579.849311,20.84384864634408
batch_b,oracle,streaming,75,64,5,568473.7313162284,1.0
batch_b,opus_single_core,streaming,75,64,5,3253177.6176877506,5.72265249645825
batch_b,gemini_single_core,streaming,75,64,5,5846235.35310795,10.284090593899101
batch_b,oracle,streaming,75,4,5,76306.55063513394,1.0
batch_b,opus_single_core,streaming,75,4,5,155562.83898002098,2.038656415277602
batch_b,gemini_single_core,streaming,75,4,5,2376524.6778251254,31.144438557951254
batch_b,oracle,streaming,50,4,5,76471.18254989221,1.0
batch_b,opus_single_core,streaming,50,4,5,92027.70357520643,1.2034298477752015
batch_b,gemini_single_core,streaming,50,4,5,2686404.946057488,35.1296378123196
batch_b,oracle,streaming,75,256,5,172674.93009092452,1.0
batch_b,opus_single_core,streaming,75,256,5,3350913.2069515414,19.405904523529088
batch_b,gemini_single_core,streaming,75,256,5,6283970.6978597175,36.39191105825727
batch_b,oracle,random,50,1,5,60225.801200911905,1.0
batch_b,opus_single_core,random,50,1,5,334955.3973171862,5.561659465513503
batch_b,gemini_single_core,random,50,1,5,2711178.028407208,45.01688602469197
batch_b,oracle,random,50,4,5,60319.07833219621,1.0
batch_b,opus_single_core,random,50,4,5,335604.33166758093,5.5638173020367105
batch_b,gemini_single_core,random,50,4,5,2707087.729741487,44.87946110238456
batch_b,oracle,streaming,100,1,5,79807.42829686154,1.0
batch_b,opus_single_core,streaming,100,1,5,716663.87387055,8.979914390985746
batch_b,gemini_single_core,streaming,100,1,5,3314214.3642123053,41.52764266359198
batch_b,oracle,random,75,64,5,262820.6636505961,1.0
batch_b,opus_single_core,random,75,64,5,2609061.641358466,9.927155670023925
batch_b,gemini_single_core,random,75,64,5,5132155.018938909,19.527212768025702
batch_b,oracle,streaming,50,64,5,574338.7182111274,1.0
batch_b,opus_single_core,streaming,50,64,5,3280701.5587640624,5.712137201862949
batch_b,gemini_single_core,streaming,50,64,5,5647647.692724808,9.833304831537976
